33	!	D
34	"	D
35	#	D
36	$	D
37	%	D
38	&	D
39	'	D
40	(	D
41	)	D
42	*	D
43	+	D
44	,	D
45	-	D
46	.	D
47	/	D
48	0	D
49	1	D
50	2	D
51	3	D
52	4	D
53	5	D
54	6	D
55	7	D
56	8	D
57	9	D
58	:	D
59	;	D
60	<	D
61	=	D
62	>	D
63	?	D
64	@	D
65	A	D
66	B	D
67	C	D
68	D	D
69	E	D
70	F	D
71	G	D
72	H	D
73	I	D
74	J	D
75	K	D
76	L	D
77	M	D
78	N	D
79	O	D
80	P	D
81	Q	D
82	R	D
83	S	D
84	T	D
85	U	D
86	V	D
87	W	D
88	X	D
89	Y	D
90	Z	D
91	[	D
92	\	D
93	]	D
94	^	D
95	_	D
96	`	D
97	a	D
98	b	D
99	c	D
100	d	D
101	e	D
102	f	D
103	g	D
104	h	D
105	i	D
106	j	D
107	k	D
108	l	D
109	m	D
110	n	D
111	o	D
112	p	D
113	q	D
114	r	D
115	s	D
116	t	D
117	u	D
118	v	D
119	w	D
120	x	D
121	y	D
122	z	D
123	{	D
124	|	D
125	}	D
126	~	D
160	 	D
161	¡	D
162	¢	D
163	£	D
164	¤	D
165	¥	D
166	¦	D
167	§	D
168	¨	D
169	©	D
170	ª	D
171	«	D
172	¬	D
173	­	D
174	®	D
175	¯	D
176	°	D
177	±	D
178	²	D
179	³	D
180	´	D
181	µ	D
182	¶	D
183	·	D
184	¸	D
185	¹	D
186	º	D
187	»	D
188	¼	D
189	½	D
190	¾	D
191	¿	D
192	À	D
193	Á	D
194	Â	D
195	Ã	D
196	Ä	D
197	Å	D
198	Æ	D
199	Ç	D
200	È	D
201	É	D
202	Ê	D
203	Ë	D
204	Ì	D
205	Í	D
206	Î	D
207	Ï	D
208	Ð	D
209	Ñ	D
210	Ò	D
211	Ó	D
212	Ô	D
213	Õ	D
214	Ö	D
215	×	D
216	Ø	D
217	Ù	D
218	Ú	D
219	Û	D
220	Ü	D
221	Ý	D
222	Þ	D
223	ß	D
224	à	D
225	á	D
226	â	D
227	ã	D
228	ä	D
229	å	D
230	æ	D
231	ç	D
232	è	D
233	é	D
234	ê	D
235	ë	D
236	ì	D
237	í	D
238	î	D
239	ï	D
240	ð	D
241	ñ	D
242	ò	D
243	ó	D
244	ô	D
245	õ	D
246	ö	D
247	÷	D
248	ø	D
249	ù	D
250	ú	D
251	û	D
252	ü	D
253	ý	D
254	þ	D
255	ÿ	D
256	Ā	D
257	ā	D
258	Ă	D
259	ă	D
260	Ą	D
261	ą	D
262	Ć	D
263	ć	D
264	Ĉ	D
265	ĉ	D
266	Ċ	D
267	ċ	D
268	Č	D
269	č	D
270	Ď	D
271	ď	D
272	Đ	D
273	đ	D
274	Ē	D
275	ē	D
276	Ĕ	D
277	ĕ	D
278	Ė	D
279	ė	D
280	Ę	D
281	ę	D
282	Ě	D
283	ě	D
284	Ĝ	D
285	ĝ	D
286	Ğ	D
287	ğ	D
288	Ġ	D
289	ġ	D
290	Ģ	D
291	ģ	D
292	Ĥ	D
293	ĥ	D
294	Ħ	D
295	ħ	D
296	Ĩ	D
297	ĩ	D
298	Ī	D
299	ī	D
300	Ĭ	D
301	ĭ	D
302	Į	D
303	į	D
304	İ	D
305	ı	D
306	Ĳ	D
307	ĳ	D
308	Ĵ	D
309	ĵ	D
310	Ķ	D
311	ķ	D
312	ĸ	D
313	Ĺ	D
314	ĺ	D
315	Ļ	D
316	ļ	D
317	Ľ	D
318	ľ	D
319	Ŀ	D
320	ŀ	D
321	Ł	D
322	ł	D
323	Ń	D
324	ń	D
325	Ņ	D
326	ņ	D
327	Ň	D
328	ň	D
329	ŉ	D
330	Ŋ	D
331	ŋ	D
332	Ō	D
333	ō	D
334	Ŏ	D
335	ŏ	D
336	Ő	D
337	ő	D
338	Œ	D
339	œ	D
340	Ŕ	D
341	ŕ	D
342	Ŗ	D
343	ŗ	D
344	Ř	D
345	ř	D
346	Ś	D
347	ś	D
348	Ŝ	D
349	ŝ	D
350	Ş	D
351	ş	D
352	Š	D
353	š	D
354	Ţ	D
355	ţ	D
356	Ť	D
357	ť	D
358	Ŧ	D
359	ŧ	D
360	Ũ	D
361	ũ	D
362	Ū	D
363	ū	D
364	Ŭ	D
365	ŭ	D
366	Ů	D
367	ů	D
368	Ű	D
369	ű	D
370	Ų	D
371	ų	D
372	Ŵ	D
373	ŵ	D
374	Ŷ	D
375	ŷ	D
376	Ÿ	D
377	Ź	D
378	ź	D
379	Ż	D
380	ż	D
381	Ž	D
382	ž	D
383	ſ	D
384	ƀ	D
385	Ɓ	D
386	Ƃ	D
387	ƃ	D
388	Ƅ	D
389	ƅ	D
390	Ɔ	D
391	Ƈ	D
392	ƈ	D
393	Ɖ	D
394	Ɗ	D
395	Ƌ	D
396	ƌ	D
397	ƍ	D
398	Ǝ	D
399	Ə	D
400	Ɛ	D
401	Ƒ	D
402	ƒ	D
403	Ɠ	D
404	Ɣ	D
405	ƕ	D
406	Ɩ	D
407	Ɨ	D
408	Ƙ	D
409	ƙ	D
410	ƚ	D
411	ƛ	D
412	Ɯ	D
413	Ɲ	D
414	ƞ	D
415	Ɵ	D
416	Ơ	D
417	ơ	D
418	Ƣ	D
419	ƣ	D
420	Ƥ	D
421	ƥ	D
422	Ʀ	D
423	Ƨ	D
424	ƨ	D
425	Ʃ	D
426	ƪ	D
427	ƫ	D
428	Ƭ	D
429	ƭ	D
430	Ʈ	D
431	Ư	D
432	ư	D
433	Ʊ	D
434	Ʋ	D
435	Ƴ	D
436	ƴ	D
437	Ƶ	D
438	ƶ	D
439	Ʒ	D
440	Ƹ	D
441	ƹ	D
442	ƺ	D
443	ƻ	D
444	Ƽ	D
445	ƽ	D
446	ƾ	D
447	ƿ	D
448	ǀ	D
449	ǁ	D
450	ǂ	D
451	ǃ	D
452	Ǆ	D
453	ǅ	D
454	ǆ	D
455	Ǉ	D
456	ǈ	D
457	ǉ	D
458	Ǌ	D
459	ǋ	D
460	ǌ	D
461	Ǎ	D
462	ǎ	D
463	Ǐ	D
464	ǐ	D
465	Ǒ	D
466	ǒ	D
467	Ǔ	D
468	ǔ	D
469	Ǖ	D
470	ǖ	D
471	Ǘ	D
472	ǘ	D
473	Ǚ	D
474	ǚ	D
475	Ǜ	D
476	ǜ	D
477	ǝ	D
478	Ǟ	D
479	ǟ	D
480	Ǡ	D
481	ǡ	D
482	Ǣ	D
483	ǣ	D
484	Ǥ	D
485	ǥ	D
486	Ǧ	D
487	ǧ	D
488	Ǩ	D
489	ǩ	D
490	Ǫ	D
491	ǫ	D
492	Ǭ	D
493	ǭ	D
494	Ǯ	D
495	ǯ	D
496	ǰ	D
497	Ǳ	D
498	ǲ	D
499	ǳ	D
500	Ǵ	D
501	ǵ	D
502	Ƕ	D
503	Ƿ	D
504	Ǹ	D
505	ǹ	D
506	Ǻ	D
507	ǻ	D
508	Ǽ	D
509	ǽ	D
510	Ǿ	D
511	ǿ	D
512	Ȁ	D
513	ȁ	D
514	Ȃ	D
515	ȃ	D
516	Ȅ	D
517	ȅ	D
518	Ȇ	D
519	ȇ	D
520	Ȉ	D
521	ȉ	D
522	Ȋ	D
523	ȋ	D
524	Ȍ	D
525	ȍ	D
526	Ȏ	D
527	ȏ	D
528	Ȑ	D
529	ȑ	D
530	Ȓ	D
531	ȓ	D
532	Ȕ	D
533	ȕ	D
534	Ȗ	D
535	ȗ	D
536	Ș	D
537	ș	D
538	Ț	D
539	ț	D
540	Ȝ	D
541	ȝ	D
542	Ȟ	D
543	ȟ	D
544	Ƞ	D
545	ȡ	D
546	Ȣ	D
547	ȣ	D
548	Ȥ	D
549	ȥ	D
550	Ȧ	D
551	ȧ	D
552	Ȩ	D
553	ȩ	D
554	Ȫ	D
555	ȫ	D
556	Ȭ	D
557	ȭ	D
558	Ȯ	D
559	ȯ	D
560	Ȱ	D
561	ȱ	D
562	Ȳ	D
563	ȳ	D
564	ȴ	D
565	ȵ	D
566	ȶ	D
567	ȷ	D
568	ȸ	D
569	ȹ	D
570	Ⱥ	D
571	Ȼ	D
572	ȼ	D
573	Ƚ	D
574	Ⱦ	D
575	ȿ	D
576	ɀ	D
577	Ɂ	D
578	ɂ	D
579	Ƀ	D
580	Ʉ	D
581	Ʌ	D
582	Ɇ	D
583	ɇ	D
584	Ɉ	D
585	ɉ	D
586	Ɋ	D
587	ɋ	D
588	Ɍ	D
589	ɍ	D
590	Ɏ	D
591	ɏ	D
592	ɐ	D
593	ɑ	D
594	ɒ	D
595	ɓ	D
596	ɔ	D
597	ɕ	D
598	ɖ	D
599	ɗ	D
600	ɘ	D
601	ə	D
602	ɚ	D
603	ɛ	D
604	ɜ	D
605	ɝ	D
606	ɞ	D
607	ɟ	D
608	ɠ	D
609	ɡ	D
610	ɢ	D
611	ɣ	D
612	ɤ	D
613	ɥ	D
614	ɦ	D
615	ɧ	D
616	ɨ	D
617	ɩ	D
618	ɪ	D
619	ɫ	D
620	ɬ	D
621	ɭ	D
622	ɮ	D
623	ɯ	D
624	ɰ	D
625	ɱ	D
626	ɲ	D
627	ɳ	D
628	ɴ	D
629	ɵ	D
630	ɶ	D
631	ɷ	D
632	ɸ	D
633	ɹ	D
634	ɺ	D
635	ɻ	D
636	ɼ	D
637	ɽ	D
638	ɾ	D
639	ɿ	D
640	ʀ	D
641	ʁ	D
642	ʂ	D
643	ʃ	D
644	ʄ	D
645	ʅ	D
646	ʆ	D
647	ʇ	D
648	ʈ	D
649	ʉ	D
650	ʊ	D
651	ʋ	D
652	ʌ	D
653	ʍ	D
654	ʎ	D
655	ʏ	D
656	ʐ	D
657	ʑ	D
658	ʒ	D
659	ʓ	D
660	ʔ	D
661	ʕ	D
662	ʖ	D
663	ʗ	D
664	ʘ	D
665	ʙ	D
666	ʚ	D
667	ʛ	D
668	ʜ	D
669	ʝ	D
670	ʞ	D
671	ʟ	D
672	ʠ	D
673	ʡ	D
674	ʢ	D
675	ʣ	D
676	ʤ	D
677	ʥ	D
678	ʦ	D
679	ʧ	D
680	ʨ	D
681	ʩ	D
682	ʪ	D
683	ʫ	D
684	ʬ	D
685	ʭ	D
686	ʮ	D
687	ʯ	D
688	ʰ	D
689	ʱ	D
690	ʲ	D
691	ʳ	D
692	ʴ	D
693	ʵ	D
694	ʶ	D
695	ʷ	D
696	ʸ	D
697	ʹ	D
698	ʺ	D
699	ʻ	D
700	ʼ	D
701	ʽ	D
702	ʾ	D
703	ʿ	D
704	ˀ	D
705	ˁ	D
706	˂	D
707	˃	D
708	˄	D
709	˅	D
710	ˆ	D
711	ˇ	D
712	ˈ	D
713	ˉ	D
714	ˊ	D
715	ˋ	D
716	ˌ	D
717	ˍ	D
718	ˎ	D
719	ˏ	D
720	ː	D
721	ˑ	D
722	˒	D
723	˓	D
724	˔	D
725	˕	D
726	˖	D
727	˗	D
728	˘	D
729	˙	D
730	˚	D
731	˛	D
732	˜	D
733	˝	D
734	˞	D
735	˟	D
736	ˠ	D
737	ˡ	D
738	ˢ	D
739	ˣ	D
740	ˤ	D
741	˥	D
742	˦	D
743	˧	D
744	˨	D
745	˩	D
748	ˬ	D
749	˭	D
750	ˮ	D
755	˳	D
759	˷	D
768	̀	D
769	́	D
770	̂	D
771	̃	D
772	̄	D
773	̅	D
774	̆	D
775	̇	D
776	̈	D
777	̉	D
778	̊	D
779	̋	D
780	̌	D
781	̍	D
782	̎	D
783	̏	D
784	̐	D
785	̑	D
786	̒	D
787	̓	D
788	̔	D
789	̕	D
790	̖	D
791	̗	D
792	̘	D
793	̙	D
794	̚	D
795	̛	D
796	̜	D
797	̝	D
798	̞	D
799	̟	D
800	̠	D
801	̡	D
802	̢	D
803	̣	D
804	̤	D
805	̥	D
806	̦	D
807	̧	D
808	̨	D
809	̩	D
810	̪	D
811	̫	D
812	̬	D
813	̭	D
814	̮	D
815	̯	D
816	̰	D
817	̱	D
818	̲	D
819	̳	D
820	̴	D
821	̵	D
822	̶	D
823	̷	D
824	̸	D
825	̹	D
826	̺	D
827	̻	D
828	̼	D
829	̽	D
830	̾	D
831	̿	D
832	̀	D
833	́	D
834	͂	D
835	̓	D
836	̈́	D
837	ͅ	D
838	͆	D
839	͇	D
840	͈	D
841	͉	D
842	͊	D
843	͋	D
844	͌	D
845	͍	D
846	͎	D
847	͏	D
849	͑	D
850	͒	D
851	͓	D
855	͗	D
856	͘	D
858	͚	D
860	͜	D
861	͝	D
862	͞	D
863	͟	D
864	͠	D
865	͡	D
866	͢	D
880	Ͱ	D
881	ͱ	D
882	Ͳ	D
883	ͳ	D
884	ʹ	D
885	͵	D
886	Ͷ	D
887	ͷ	D
890	ͺ	D
891	ͻ	D
892	ͼ	D
893	ͽ	D
894	;	D
895	Ϳ	D
900	΄	D
901	΅	D
902	Ά	D
903	·	D
904	Έ	D
905	Ή	D
906	Ί	D
908	Ό	D
910	Ύ	D
911	Ώ	D
912	ΐ	D
913	Α	D
914	Β	D
915	Γ	D
916	Δ	D
917	Ε	D
918	Ζ	D
919	Η	D
920	Θ	D
921	Ι	D
922	Κ	D
923	Λ	D
924	Μ	D
925	Ν	D
926	Ξ	D
927	Ο	D
928	Π	D
929	Ρ	D
931	Σ	D
932	Τ	D
933	Υ	D
934	Φ	D
935	Χ	D
936	Ψ	D
937	Ω	D
938	Ϊ	D
939	Ϋ	D
940	ά	D
941	έ	D
942	ή	D
943	ί	D
944	ΰ	D
945	α	D
946	β	D
947	γ	D
948	δ	D
949	ε	D
950	ζ	D
951	η	D
952	θ	D
953	ι	D
954	κ	D
955	λ	D
956	μ	D
957	ν	D
958	ξ	D
959	ο	D
960	π	D
961	ρ	D
962	ς	D
963	σ	D
964	τ	D
965	υ	D
966	φ	D
967	χ	D
968	ψ	D
969	ω	D
970	ϊ	D
971	ϋ	D
972	ό	D
973	ύ	D
974	ώ	D
975	Ϗ	D
976	ϐ	D
977	ϑ	D
978	ϒ	D
979	ϓ	D
980	ϔ	D
981	ϕ	D
982	ϖ	D
983	ϗ	D
984	Ϙ	D
985	ϙ	D
986	Ϛ	D
987	ϛ	D
988	Ϝ	D
989	ϝ	D
990	Ϟ	D
991	ϟ	D
992	Ϡ	D
993	ϡ	D
994	Ϣ	D
995	ϣ	D
996	Ϥ	D
997	ϥ	D
998	Ϧ	D
999	ϧ	D
1000	Ϩ	D
1001	ϩ	D
1002	Ϫ	D
1003	ϫ	D
1004	Ϭ	D
1005	ϭ	D
1006	Ϯ	D
1007	ϯ	D
1008	ϰ	D
1009	ϱ	D
1010	ϲ	D
1011	ϳ	D
1012	ϴ	D
1013	ϵ	D
1014	϶	D
1015	Ϸ	D
1016	ϸ	D
1017	Ϲ	D
1018	Ϻ	D
1019	ϻ	D
1020	ϼ	D
1021	Ͻ	D
1022	Ͼ	D
1023	Ͽ	D
1024	Ѐ	D
1025	Ё	D
1026	Ђ	D
1027	Ѓ	D
1028	Є	D
1029	Ѕ	D
1030	І	D
1031	Ї	D
1032	Ј	D
1033	Љ	D
1034	Њ	D
1035	Ћ	D
1036	Ќ	D
1037	Ѝ	D
1038	Ў	D
1039	Џ	D
1040	А	D
1041	Б	D
1042	В	D
1043	Г	D
1044	Д	D
1045	Е	D
1046	Ж	D
1047	З	D
1048	И	D
1049	Й	D
1050	К	D
1051	Л	D
1052	М	D
1053	Н	D
1054	О	D
1055	П	D
1056	Р	D
1057	С	D
1058	Т	D
1059	У	D
1060	Ф	D
1061	Х	D
1062	Ц	D
1063	Ч	D
1064	Ш	D
1065	Щ	D
1066	Ъ	D
1067	Ы	D
1068	Ь	D
1069	Э	D
1070	Ю	D
1071	Я	D
1072	а	D
1073	б	D
1074	в	D
1075	г	D
1076	д	D
1077	е	D
1078	ж	D
1079	з	D
1080	и	D
1081	й	D
1082	к	D
1083	л	D
1084	м	D
1085	н	D
1086	о	D
1087	п	D
1088	р	D
1089	с	D
1090	т	D
1091	у	D
1092	ф	D
1093	х	D
1094	ц	D
1095	ч	D
1096	ш	D
1097	щ	D
1098	ъ	D
1099	ы	D
1100	ь	D
1101	э	D
1102	ю	D
1103	я	D
1104	ѐ	D
1105	ё	D
1106	ђ	D
1107	ѓ	D
1108	є	D
1109	ѕ	D
1110	і	D
1111	ї	D
1112	ј	D
1113	љ	D
1114	њ	D
1115	ћ	D
1116	ќ	D
1117	ѝ	D
1118	ў	D
1119	џ	D
1120	Ѡ	D
1121	ѡ	D
1122	Ѣ	D
1123	ѣ	D
1124	Ѥ	D
1125	ѥ	D
1126	Ѧ	D
1127	ѧ	D
1128	Ѩ	D
1129	ѩ	D
1130	Ѫ	D
1131	ѫ	D
1132	Ѭ	D
1133	ѭ	D
1134	Ѯ	D
1135	ѯ	D
1136	Ѱ	D
1137	ѱ	D
1138	Ѳ	D
1139	ѳ	D
1140	Ѵ	D
1141	ѵ	D
1142	Ѷ	D
1143	ѷ	D
1144	Ѹ	D
1145	ѹ	D
1146	Ѻ	D
1147	ѻ	D
1148	Ѽ	D
1149	ѽ	D
1150	Ѿ	D
1151	ѿ	D
1152	Ҁ	D
1153	ҁ	D
1154	҂	D
1155	҃	D
1156	҄	D
1157	҅	D
1158	҆	D
1159	҇	D
1160	҈	D
1161	҉	D
1162	Ҋ	D
1163	ҋ	D
1164	Ҍ	D
1165	ҍ	D
1166	Ҏ	D
1167	ҏ	D
1168	Ґ	D
1169	ґ	D
1170	Ғ	D
1171	ғ	D
1172	Ҕ	D
1173	ҕ	D
1174	Җ	D
1175	җ	D
1176	Ҙ	D
1177	ҙ	D
1178	Қ	D
1179	қ	D
1180	Ҝ	D
1181	ҝ	D
1182	Ҟ	D
1183	ҟ	D
1184	Ҡ	D
1185	ҡ	D
1186	Ң	D
1187	ң	D
1188	Ҥ	D
1189	ҥ	D
1190	Ҧ	D
1191	ҧ	D
1192	Ҩ	D
1193	ҩ	D
1194	Ҫ	D
1195	ҫ	D
1196	Ҭ	D
1197	ҭ	D
1198	Ү	D
1199	ү	D
1200	Ұ	D
1201	ұ	D
1202	Ҳ	D
1203	ҳ	D
1204	Ҵ	D
1205	ҵ	D
1206	Ҷ	D
1207	ҷ	D
1208	Ҹ	D
1209	ҹ	D
1210	Һ	D
1211	һ	D
1212	Ҽ	D
1213	ҽ	D
1214	Ҿ	D
1215	ҿ	D
1216	Ӏ	D
1217	Ӂ	D
1218	ӂ	D
1219	Ӄ	D
1220	ӄ	D
1221	Ӆ	D
1222	ӆ	D
1223	Ӈ	D
1224	ӈ	D
1225	Ӊ	D
1226	ӊ	D
1227	Ӌ	D
1228	ӌ	D
1229	Ӎ	D
1230	ӎ	D
1231	ӏ	D
1232	Ӑ	D
1233	ӑ	D
1234	Ӓ	D
1235	ӓ	D
1236	Ӕ	D
1237	ӕ	D
1238	Ӗ	D
1239	ӗ	D
1240	Ә	D
1241	ә	D
1242	Ӛ	D
1243	ӛ	D
1244	Ӝ	D
1245	ӝ	D
1246	Ӟ	D
1247	ӟ	D
1248	Ӡ	D
1249	ӡ	D
1250	Ӣ	D
1251	ӣ	D
1252	Ӥ	D
1253	ӥ	D
1254	Ӧ	D
1255	ӧ	D
1256	Ө	D
1257	ө	D
1258	Ӫ	D
1259	ӫ	D
1260	Ӭ	D
1261	ӭ	D
1262	Ӯ	D
1263	ӯ	D
1264	Ӱ	D
1265	ӱ	D
1266	Ӳ	D
1267	ӳ	D
1268	Ӵ	D
1269	ӵ	D
1270	Ӷ	D
1271	ӷ	D
1272	Ӹ	D
1273	ӹ	D
1274	Ӻ	D
1275	ӻ	D
1276	Ӽ	D
1277	ӽ	D
1278	Ӿ	D
1279	ӿ	D
1280	Ԁ	D
1281	ԁ	D
1282	Ԃ	D
1283	ԃ	D
1284	Ԅ	D
1285	ԅ	D
1286	Ԇ	D
1287	ԇ	D
1288	Ԉ	D
1289	ԉ	D
1290	Ԋ	D
1291	ԋ	D
1292	Ԍ	D
1293	ԍ	D
1294	Ԏ	D
1295	ԏ	D
1296	Ԑ	D
1297	ԑ	D
1298	Ԓ	D
1299	ԓ	D
1300	Ԕ	D
1301	ԕ	D
1302	Ԗ	D
1303	ԗ	D
1304	Ԙ	D
1305	ԙ	D
1306	Ԛ	D
1307	ԛ	D
1308	Ԝ	D
1309	ԝ	D
1310	Ԟ	D
1311	ԟ	D
1312	Ԡ	D
1313	ԡ	D
1314	Ԣ	D
1315	ԣ	D
1316	Ԥ	D
1317	ԥ	D
1329	Ա	D
1330	Բ	D
1331	Գ	D
1332	Դ	D
1333	Ե	D
1334	Զ	D
1335	Է	D
1336	Ը	D
1337	Թ	D
1338	Ժ	D
1339	Ի	D
1340	Լ	D
1341	Խ	D
1342	Ծ	D
1343	Կ	D
1344	Հ	D
1345	Ձ	D
1346	Ղ	D
1347	Ճ	D
1348	Մ	D
1349	Յ	D
1350	Ն	D
1351	Շ	D
1352	Ո	D
1353	Չ	D
1354	Պ	D
1355	Ջ	D
1356	Ռ	D
1357	Ս	D
1358	Վ	D
1359	Տ	D
1360	Ր	D
1361	Ց	D
1362	Ւ	D
1363	Փ	D
1364	Ք	D
1365	Օ	D
1366	Ֆ	D
1369	ՙ	D
1370	՚	D
1371	՛	D
1372	՜	D
1373	՝	D
1374	՞	D
1375	՟	D
1377	ա	D
1378	բ	D
1379	գ	D
1380	դ	D
1381	ե	D
1382	զ	D
1383	է	D
1384	ը	D
1385	թ	D
1386	ժ	D
1387	ի	D
1388	լ	D
1389	խ	D
1390	ծ	D
1391	կ	D
1392	հ	D
1393	ձ	D
1394	ղ	D
1395	ճ	D
1396	մ	D
1397	յ	D
1398	ն	D
1399	շ	D
1400	ո	D
1401	չ	D
1402	պ	D
1403	ջ	D
1404	ռ	D
1405	ս	D
1406	վ	D
1407	տ	D
1408	ր	D
1409	ց	D
1410	ւ	D
1411	փ	D
1412	ք	D
1413	օ	D
1414	ֆ	D
1415	և	D
1417	։	D
1418	֊	D
1456	ְ	D
1457	ֱ	D
1458	ֲ	D
1459	ֳ	D
1460	ִ	D
1461	ֵ	D
1462	ֶ	D
1463	ַ	D
1464	ָ	D
1465	ֹ	D
1466	ֺ	D
1467	ֻ	D
1468	ּ	D
1469	ֽ	D
1470	־	D
1471	ֿ	D
1472	׀	D
1473	ׁ	D
1474	ׂ	D
1475	׃	D
1478	׆	D
1479	ׇ	D
1488	א	D
1489	ב	D
1490	ג	D
1491	ד	D
1492	ה	D
1493	ו	D
1494	ז	D
1495	ח	D
1496	ט	D
1497	י	D
1498	ך	D
1499	כ	D
1500	ל	D
1501	ם	D
1502	מ	D
1503	ן	D
1504	נ	D
1505	ס	D
1506	ע	D
1507	ף	D
1508	פ	D
1509	ץ	D
1510	צ	D
1511	ק	D
1512	ר	D
1513	ש	D
1514	ת	D
1520	װ	D
1521	ױ	D
1522	ײ	D
1523	׳	D
1524	״	D
1542	؆	D
1543	؇	D
1545	؉	D
1546	؊	D
1548	،	D
1557	ؕ	D
1563	؛	D
1567	؟	D
1569	ء	D
1570	آ	D
1571	أ	D
1572	ؤ	D
1573	إ	D
1574	ئ	D
1575	ا	D
1576	ب	D
1577	ة	D
1578	ت	D
1579	ث	D
1580	ج	D
1581	ح	D
1582	خ	D
1583	د	D
1584	ذ	D
1585	ر	D
1586	ز	D
1587	س	D
1588	ش	D
1589	ص	D
1590	ض	D
1591	ط	D
1592	ظ	D
1593	ع	D
1594	غ	D
1600	ـ	D
1601	ف	D
1602	ق	D
1603	ك	D
1604	ل	D
1605	م	D
1606	ن	D
1607	ه	D
1608	و	D
1609	ى	D
1610	ي	D
1611	ً	D
1612	ٌ	D
1613	ٍ	D
1614	َ	D
1615	ُ	D
1616	ِ	D
1617	ّ	D
1618	ْ	D
1619	ٓ	D
1620	ٔ	D
1621	ٕ	D
1623	ٗ	D
1626	ٚ	D
1632	٠	D
1633	١	D
1634	٢	D
1635	٣	D
1636	٤	D
1637	٥	D
1638	٦	D
1639	٧	D
1640	٨	D
1641	٩	D
1642	٪	D
1643	٫	D
1644	٬	D
1645	٭	D
1646	ٮ	D
1647	ٯ	D
1648	ٰ	D
1652	ٴ	D
1657	ٹ	D
1658	ٺ	D
1659	ٻ	D
1660	ټ	D
1661	ٽ	D
1662	پ	D
1663	ٿ	D
1664	ڀ	D
1665	ځ	D
1666	ڂ	D
1667	ڃ	D
1668	ڄ	D
1669	څ	D
1670	چ	D
1671	ڇ	D
1672	ڈ	D
1673	ډ	D
1674	ڊ	D
1675	ڋ	D
1676	ڌ	D
1677	ڍ	D
1678	ڎ	D
1679	ڏ	D
1680	ڐ	D
1681	ڑ	D
1682	ڒ	D
1683	ړ	D
1684	ڔ	D
1685	ڕ	D
1686	ږ	D
1687	ڗ	D
1688	ژ	D
1689	ڙ	D
1690	ښ	D
1691	ڛ	D
1692	ڜ	D
1693	ڝ	D
1694	ڞ	D
1695	ڟ	D
1696	ڠ	D
1697	ڡ	D
1698	ڢ	D
1699	ڣ	D
1700	ڤ	D
1701	ڥ	D
1702	ڦ	D
1703	ڧ	D
1704	ڨ	D
1705	ک	D
1706	ڪ	D
1707	ګ	D
1708	ڬ	D
1709	ڭ	D
1710	ڮ	D
1711	گ	D
1712	ڰ	D
1713	ڱ	D
1714	ڲ	D
1715	ڳ	D
1716	ڴ	D
1717	ڵ	D
1718	ڶ	D
1719	ڷ	D
1720	ڸ	D
1721	ڹ	D
1722	ں	D
1723	ڻ	D
1724	ڼ	D
1725	ڽ	D
1726	ھ	D
1727	ڿ	D
1734	ۆ	D
1735	ۇ	D
1736	ۈ	D
1739	ۋ	D
1740	ی	D
1742	ێ	D
1744	ې	D
1749	ە	D
1776	۰	D
1777	۱	D
1778	۲	D
1779	۳	D
1780	۴	D
1781	۵	D
1782	۶	D
1783	۷	D
1784	۸	D
1785	۹	D
1984	߀	D
1985	߁	D
1986	߂	D
1987	߃	D
1988	߄	D
1989	߅	D
1990	߆	D
1991	߇	D
1992	߈	D
1993	߉	D
1994	ߊ	D
1995	ߋ	D
1996	ߌ	D
1997	ߍ	D
1998	ߎ	D
1999	ߏ	D
2000	ߐ	D
2001	ߑ	D
2002	ߒ	D
2003	ߓ	D
2004	ߔ	D
2005	ߕ	D
2006	ߖ	D
2007	ߗ	D
2008	ߘ	D
2009	ߙ	D
2010	ߚ	D
2011	ߛ	D
2012	ߜ	D
2013	ߝ	D
2014	ߞ	D
2015	ߟ	D
2016	ߠ	D
2017	ߡ	D
2018	ߢ	D
2019	ߣ	D
2020	ߤ	D
2021	ߥ	D
2022	ߦ	D
2023	ߧ	D
2027	߫	D
2028	߬	D
2029	߭	D
2030	߮	D
2031	߯	D
2032	߰	D
2033	߱	D
2034	߲	D
2035	߳	D
2036	ߴ	D
2037	ߵ	D
2040	߸	D
2041	߹	D
2042	ߺ	D
3647	฿	D
3713	ກ	D
3714	ຂ	D
3716	ຄ	D
3719	ງ	D
3720	ຈ	D
3722	ຊ	D
3725	ຍ	D
3732	ດ	D
3733	ຕ	D
3734	ຖ	D
3735	ທ	D
3737	ນ	D
3738	ບ	D
3739	ປ	D
3740	ຜ	D
3741	ຝ	D
3742	ພ	D
3743	ຟ	D
3745	ມ	D
3746	ຢ	D
3747	ຣ	D
3749	ລ	D
3751	ວ	D
3754	ສ	D
3755	ຫ	D
3757	ອ	D
3758	ຮ	D
3759	ຯ	D
3760	ະ	D
3761	ັ	D
3762	າ	D
3763	ຳ	D
3764	ິ	D
3765	ີ	D
3766	ຶ	D
3767	ື	D
3768	ຸ	D
3769	ູ	D
3771	ົ	D
3772	ຼ	D
3773	ຽ	D
3776	ເ	D
3777	ແ	D
3778	ໂ	D
3779	ໃ	D
3780	ໄ	D
3782	ໆ	D
3784	່	D
3785	້	D
3786	໊	D
3787	໋	D
3788	໌	D
3789	ໍ	D
3792	໐	D
3793	໑	D
3794	໒	D
3795	໓	D
3796	໔	D
3797	໕	D
3798	໖	D
3799	໗	D
3800	໘	D
3801	໙	D
3804	ໜ	D
3805	ໝ	D
4256	Ⴀ	D
4257	Ⴁ	D
4258	Ⴂ	D
4259	Ⴃ	D
4260	Ⴄ	D
4261	Ⴅ	D
4262	Ⴆ	D
4263	Ⴇ	D
4264	Ⴈ	D
4265	Ⴉ	D
4266	Ⴊ	D
4267	Ⴋ	D
4268	Ⴌ	D
4269	Ⴍ	D
4270	Ⴎ	D
4271	Ⴏ	D
4272	Ⴐ	D
4273	Ⴑ	D
4274	Ⴒ	D
4275	Ⴓ	D
4276	Ⴔ	D
4277	Ⴕ	D
4278	Ⴖ	D
4279	Ⴗ	D
4280	Ⴘ	D
4281	Ⴙ	D
4282	Ⴚ	D
4283	Ⴛ	D
4284	Ⴜ	D
4285	Ⴝ	D
4286	Ⴞ	D
4287	Ⴟ	D
4288	Ⴠ	D
4289	Ⴡ	D
4290	Ⴢ	D
4291	Ⴣ	D
4292	Ⴤ	D
4293	Ⴥ	D
4304	ა	D
4305	ბ	D
4306	გ	D
4307	დ	D
4308	ე	D
4309	ვ	D
4310	ზ	D
4311	თ	D
4312	ი	D
4313	კ	D
4314	ლ	D
4315	მ	D
4316	ნ	D
4317	ო	D
4318	პ	D
4319	ჟ	D
4320	რ	D
4321	ს	D
4322	ტ	D
4323	უ	D
4324	ფ	D
4325	ქ	D
4326	ღ	D
4327	ყ	D
4328	შ	D
4329	ჩ	D
4330	ც	D
4331	ძ	D
4332	წ	D
4333	ჭ	D
4334	ხ	D
4335	ჯ	D
4336	ჰ	D
4337	ჱ	D
4338	ჲ	D
4339	ჳ	D
4340	ჴ	D
4341	ჵ	D
4342	ჶ	D
4343	ჷ	D
4344	ჸ	D
4345	ჹ	D
4346	ჺ	D
4347	჻	D
4348	ჼ	D
5121	ᐁ	D
5122	ᐂ	D
5123	ᐃ	D
5124	ᐄ	D
5125	ᐅ	D
5126	ᐆ	D
5127	ᐇ	D
5129	ᐉ	D
5130	ᐊ	D
5131	ᐋ	D
5132	ᐌ	D
5133	ᐍ	D
5134	ᐎ	D
5135	ᐏ	D
5136	ᐐ	D
5137	ᐑ	D
5138	ᐒ	D
5139	ᐓ	D
5140	ᐔ	D
5141	ᐕ	D
5142	ᐖ	D
5143	ᐗ	D
5144	ᐘ	D
5145	ᐙ	D
5146	ᐚ	D
5147	ᐛ	D
5149	ᐝ	D
5150	ᐞ	D
5151	ᐟ	D
5152	ᐠ	D
5153	ᐡ	D
5154	ᐢ	D
5155	ᐣ	D
5156	ᐤ	D
5157	ᐥ	D
5158	ᐦ	D
5159	ᐧ	D
5160	ᐨ	D
5161	ᐩ	D
5162	ᐪ	D
5163	ᐫ	D
5164	ᐬ	D
5165	ᐭ	D
5166	ᐮ	D
5167	ᐯ	D
5168	ᐰ	D
5169	ᐱ	D
5170	ᐲ	D
5171	ᐳ	D
5172	ᐴ	D
5173	ᐵ	D
5175	ᐷ	D
5176	ᐸ	D
5177	ᐹ	D
5178	ᐺ	D
5179	ᐻ	D
5180	ᐼ	D
5181	ᐽ	D
5182	ᐾ	D
5183	ᐿ	D
5184	ᑀ	D
5185	ᑁ	D
5186	ᑂ	D
5187	ᑃ	D
5188	ᑄ	D
5189	ᑅ	D
5190	ᑆ	D
5191	ᑇ	D
5192	ᑈ	D
5193	ᑉ	D
5194	ᑊ	D
5196	ᑌ	D
5197	ᑍ	D
5198	ᑎ	D
5199	ᑏ	D
5200	ᑐ	D
5201	ᑑ	D
5202	ᑒ	D
5204	ᑔ	D
5205	ᑕ	D
5206	ᑖ	D
5207	ᑗ	D
5208	ᑘ	D
5209	ᑙ	D
5210	ᑚ	D
5211	ᑛ	D
5212	ᑜ	D
5213	ᑝ	D
5214	ᑞ	D
5215	ᑟ	D
5216	ᑠ	D
5217	ᑡ	D
5218	ᑢ	D
5219	ᑣ	D
5220	ᑤ	D
5221	ᑥ	D
5222	ᑦ	D
5223	ᑧ	D
5224	ᑨ	D
5225	ᑩ	D
5226	ᑪ	D
5227	ᑫ	D
5228	ᑬ	D
5229	ᑭ	D
5230	ᑮ	D
5231	ᑯ	D
5232	ᑰ	D
5233	ᑱ	D
5234	ᑲ	D
5235	ᑳ	D
5236	ᑴ	D
5237	ᑵ	D
5238	ᑶ	D
5239	ᑷ	D
5240	ᑸ	D
5241	ᑹ	D
5242	ᑺ	D
5243	ᑻ	D
5244	ᑼ	D
5245	ᑽ	D
5246	ᑾ	D
5247	ᑿ	D
5248	ᒀ	D
5249	ᒁ	D
5250	ᒂ	D
5251	ᒃ	D
5252	ᒄ	D
5253	ᒅ	D
5254	ᒆ	D
5255	ᒇ	D
5256	ᒈ	D
5257	ᒉ	D
5258	ᒊ	D
5259	ᒋ	D
5260	ᒌ	D
5261	ᒍ	D
5262	ᒎ	D
5263	ᒏ	D
5264	ᒐ	D
5265	ᒑ	D
5266	ᒒ	D
5267	ᒓ	D
5268	ᒔ	D
5269	ᒕ	D
5270	ᒖ	D
5271	ᒗ	D
5272	ᒘ	D
5273	ᒙ	D
5274	ᒚ	D
5275	ᒛ	D
5276	ᒜ	D
5277	ᒝ	D
5278	ᒞ	D
5279	ᒟ	D
5280	ᒠ	D
5281	ᒡ	D
5282	ᒢ	D
5283	ᒣ	D
5284	ᒤ	D
5285	ᒥ	D
5286	ᒦ	D
5287	ᒧ	D
5288	ᒨ	D
5289	ᒩ	D
5290	ᒪ	D
5291	ᒫ	D
5292	ᒬ	D
5293	ᒭ	D
5294	ᒮ	D
5295	ᒯ	D
5296	ᒰ	D
5297	ᒱ	D
5298	ᒲ	D
5299	ᒳ	D
5300	ᒴ	D
5301	ᒵ	D
5302	ᒶ	D
5303	ᒷ	D
5304	ᒸ	D
5305	ᒹ	D
5306	ᒺ	D
5307	ᒻ	D
5308	ᒼ	D
5309	ᒽ	D
5312	ᓀ	D
5313	ᓁ	D
5314	ᓂ	D
5315	ᓃ	D
5316	ᓄ	D
5317	ᓅ	D
5318	ᓆ	D
5319	ᓇ	D
5320	ᓈ	D
5321	ᓉ	D
5322	ᓊ	D
5323	ᓋ	D
5324	ᓌ	D
5325	ᓍ	D
5326	ᓎ	D
5327	ᓏ	D
5328	ᓐ	D
5329	ᓑ	D
5330	ᓒ	D
5331	ᓓ	D
5332	ᓔ	D
5333	ᓕ	D
5334	ᓖ	D
5335	ᓗ	D
5336	ᓘ	D
5337	ᓙ	D
5338	ᓚ	D
5339	ᓛ	D
5340	ᓜ	D
5341	ᓝ	D
5342	ᓞ	D
5343	ᓟ	D
5344	ᓠ	D
5345	ᓡ	D
5346	ᓢ	D
5347	ᓣ	D
5348	ᓤ	D
5349	ᓥ	D
5350	ᓦ	D
5351	ᓧ	D
5352	ᓨ	D
5353	ᓩ	D
5354	ᓪ	D
5356	ᓬ	D
5357	ᓭ	D
5358	ᓮ	D
5359	ᓯ	D
5360	ᓰ	D
5361	ᓱ	D
5362	ᓲ	D
5363	ᓳ	D
5364	ᓴ	D
5365	ᓵ	D
5366	ᓶ	D
5367	ᓷ	D
5368	ᓸ	D
5369	ᓹ	D
5370	ᓺ	D
5371	ᓻ	D
5372	ᓼ	D
5373	ᓽ	D
5374	ᓾ	D
5375	ᓿ	D
5376	ᔀ	D
5377	ᔁ	D
5378	ᔂ	D
5379	ᔃ	D
5380	ᔄ	D
5381	ᔅ	D
5382	ᔆ	D
5383	ᔇ	D
5392	ᔐ	D
5393	ᔑ	D
5394	ᔒ	D
5395	ᔓ	D
5396	ᔔ	D
5397	ᔕ	D
5398	ᔖ	D
5399	ᔗ	D
5400	ᔘ	D
5401	ᔙ	D
5402	ᔚ	D
5403	ᔛ	D
5404	ᔜ	D
5405	ᔝ	D
5406	ᔞ	D
5407	ᔟ	D
5408	ᔠ	D
5409	ᔡ	D
5410	ᔢ	D
5411	ᔣ	D
5412	ᔤ	D
5413	ᔥ	D
5414	ᔦ	D
5415	ᔧ	D
5416	ᔨ	D
5417	ᔩ	D
5418	ᔪ	D
5419	ᔫ	D
5420	ᔬ	D
5421	ᔭ	D
5422	ᔮ	D
5423	ᔯ	D
5424	ᔰ	D
5425	ᔱ	D
5426	ᔲ	D
5427	ᔳ	D
5428	ᔴ	D
5429	ᔵ	D
5430	ᔶ	D
5431	ᔷ	D
5432	ᔸ	D
5433	ᔹ	D
5434	ᔺ	D
5435	ᔻ	D
5436	ᔼ	D
5437	ᔽ	D
5438	ᔾ	D
5440	ᕀ	D
5441	ᕁ	D
5442	ᕂ	D
5443	ᕃ	D
5444	ᕄ	D
5445	ᕅ	D
5446	ᕆ	D
5447	ᕇ	D
5448	ᕈ	D
5449	ᕉ	D
5450	ᕊ	D
5451	ᕋ	D
5452	ᕌ	D
5453	ᕍ	D
5454	ᕎ	D
5455	ᕏ	D
5456	ᕐ	D
5458	ᕒ	D
5459	ᕓ	D
5460	ᕔ	D
5461	ᕕ	D
5462	ᕖ	D
5463	ᕗ	D
5464	ᕘ	D
5465	ᕙ	D
5466	ᕚ	D
5467	ᕛ	D
5468	ᕜ	D
5469	ᕝ	D
5470	ᕞ	D
5471	ᕟ	D
5472	ᕠ	D
5473	ᕡ	D
5474	ᕢ	D
5475	ᕣ	D
5476	ᕤ	D
5477	ᕥ	D
5478	ᕦ	D
5479	ᕧ	D
5480	ᕨ	D
5481	ᕩ	D
5482	ᕪ	D
5492	ᕴ	D
5493	ᕵ	D
5494	ᕶ	D
5495	ᕷ	D
5496	ᕸ	D
5497	ᕹ	D
5498	ᕺ	D
5499	ᕻ	D
5500	ᕼ	D
5501	ᕽ	D
5502	ᕾ	D
5503	ᕿ	D
5504	ᖀ	D
5505	ᖁ	D
5506	ᖂ	D
5507	ᖃ	D
5508	ᖄ	D
5509	ᖅ	D
5514	ᖊ	D
5515	ᖋ	D
5516	ᖌ	D
5517	ᖍ	D
5518	ᖎ	D
5519	ᖏ	D
5520	ᖐ	D
5521	ᖑ	D
5522	ᖒ	D
5523	ᖓ	D
5524	ᖔ	D
5525	ᖕ	D
5526	ᖖ	D
5536	ᖠ	D
5537	ᖡ	D
5538	ᖢ	D
5539	ᖣ	D
5540	ᖤ	D
5541	ᖥ	D
5542	ᖦ	D
5543	ᖧ	D
5544	ᖨ	D
5545	ᖩ	D
5546	ᖪ	D
5547	ᖫ	D
5548	ᖬ	D
5549	ᖭ	D
5550	ᖮ	D
5551	ᖯ	D
5598	ᗞ	D
5601	ᗡ	D
5702	ᙆ	D
5703	ᙇ	D
5742	᙮	D
5743	ᙯ	D
5744	ᙰ	D
5745	ᙱ	D
5746	ᙲ	D
5747	ᙳ	D
5748	ᙴ	D
5749	ᙵ	D
5750	ᙶ	D
5760	 	D
5761	ᚁ	D
5762	ᚂ	D
5763	ᚃ	D
5764	ᚄ	D
5765	ᚅ	D
5766	ᚆ	D
5767	ᚇ	D
5768	ᚈ	D
5769	ᚉ	D
5770	ᚊ	D
5771	ᚋ	D
5772	ᚌ	D
5773	ᚍ	D
5774	ᚎ	D
5775	ᚏ	D
5776	ᚐ	D
5777	ᚑ	D
5778	ᚒ	D
5779	ᚓ	D
5780	ᚔ	D
5781	ᚕ	D
5782	ᚖ	D
5783	ᚗ	D
5784	ᚘ	D
5785	ᚙ	D
5786	ᚚ	D
5787	᚛	D
5788	᚜	D
7424	ᴀ	D
7425	ᴁ	D
7426	ᴂ	D
7427	ᴃ	D
7428	ᴄ	D
7429	ᴅ	D
7430	ᴆ	D
7431	ᴇ	D
7432	ᴈ	D
7433	ᴉ	D
7434	ᴊ	D
7435	ᴋ	D
7436	ᴌ	D
7437	ᴍ	D
7438	ᴎ	D
7439	ᴏ	D
7440	ᴐ	D
7441	ᴑ	D
7442	ᴒ	D
7443	ᴓ	D
7444	ᴔ	D
7446	ᴖ	D
7447	ᴗ	D
7448	ᴘ	D
7449	ᴙ	D
7450	ᴚ	D
7451	ᴛ	D
7452	ᴜ	D
7453	ᴝ	D
7454	ᴞ	D
7455	ᴟ	D
7456	ᴠ	D
7457	ᴡ	D
7458	ᴢ	D
7459	ᴣ	D
7462	ᴦ	D
7463	ᴧ	D
7464	ᴨ	D
7465	ᴩ	D
7466	ᴪ	D
7467	ᴫ	D
7468	ᴬ	D
7469	ᴭ	D
7470	ᴮ	D
7472	ᴰ	D
7473	ᴱ	D
7474	ᴲ	D
7475	ᴳ	D
7476	ᴴ	D
7477	ᴵ	D
7478	ᴶ	D
7479	ᴷ	D
7480	ᴸ	D
7481	ᴹ	D
7482	ᴺ	D
7483	ᴻ	D
7484	ᴼ	D
7485	ᴽ	D
7486	ᴾ	D
7487	ᴿ	D
7488	ᵀ	D
7489	ᵁ	D
7490	ᵂ	D
7491	ᵃ	D
7492	ᵄ	D
7493	ᵅ	D
7494	ᵆ	D
7495	ᵇ	D
7496	ᵈ	D
7497	ᵉ	D
7498	ᵊ	D
7499	ᵋ	D
7500	ᵌ	D
7501	ᵍ	D
7502	ᵎ	D
7503	ᵏ	D
7504	ᵐ	D
7505	ᵑ	D
7506	ᵒ	D
7507	ᵓ	D
7508	ᵔ	D
7509	ᵕ	D
7510	ᵖ	D
7511	ᵗ	D
7512	ᵘ	D
7513	ᵙ	D
7514	ᵚ	D
7515	ᵛ	D
7517	ᵝ	D
7518	ᵞ	D
7519	ᵟ	D
7520	ᵠ	D
7521	ᵡ	D
7522	ᵢ	D
7523	ᵣ	D
7524	ᵤ	D
7525	ᵥ	D
7526	ᵦ	D
7527	ᵧ	D
7528	ᵨ	D
7529	ᵩ	D
7530	ᵪ	D
7543	ᵷ	D
7544	ᵸ	D
7547	ᵻ	D
7549	ᵽ	D
7557	ᶅ	D
7579	ᶛ	D
7580	ᶜ	D
7581	ᶝ	D
7582	ᶞ	D
7583	ᶟ	D
7584	ᶠ	D
7585	ᶡ	D
7586	ᶢ	D
7587	ᶣ	D
7588	ᶤ	D
7589	ᶥ	D
7590	ᶦ	D
7591	ᶧ	D
7592	ᶨ	D
7593	ᶩ	D
7594	ᶪ	D
7595	ᶫ	D
7596	ᶬ	D
7597	ᶭ	D
7598	ᶮ	D
7599	ᶯ	D
7600	ᶰ	D
7601	ᶱ	D
7602	ᶲ	D
7603	ᶳ	D
7604	ᶴ	D
7605	ᶵ	D
7606	ᶶ	D
7607	ᶷ	D
7608	ᶸ	D
7609	ᶹ	D
7610	ᶺ	D
7611	ᶻ	D
7612	ᶼ	D
7613	ᶽ	D
7614	ᶾ	D
7615	ᶿ	D
7620	᷄	D
7621	᷅	D
7622	᷆	D
7623	᷇	D
7624	᷈	D
7625	᷉	D
7680	Ḁ	D
7681	ḁ	D
7682	Ḃ	D
7683	ḃ	D
7684	Ḅ	D
7685	ḅ	D
7686	Ḇ	D
7687	ḇ	D
7688	Ḉ	D
7689	ḉ	D
7690	Ḋ	D
7691	ḋ	D
7692	Ḍ	D
7693	ḍ	D
7694	Ḏ	D
7695	ḏ	D
7696	Ḑ	D
7697	ḑ	D
7698	Ḓ	D
7699	ḓ	D
7700	Ḕ	D
7701	ḕ	D
7702	Ḗ	D
7703	ḗ	D
7704	Ḙ	D
7705	ḙ	D
7706	Ḛ	D
7707	ḛ	D
7708	Ḝ	D
7709	ḝ	D
7710	Ḟ	D
7711	ḟ	D
7712	Ḡ	D
7713	ḡ	D
7714	Ḣ	D
7715	ḣ	D
7716	Ḥ	D
7717	ḥ	D
7718	Ḧ	D
7719	ḧ	D
7720	Ḩ	D
7721	ḩ	D
7722	Ḫ	D
7723	ḫ	D
7724	Ḭ	D
7725	ḭ	D
7726	Ḯ	D
7727	ḯ	D
7728	Ḱ	D
7729	ḱ	D
7730	Ḳ	D
7731	ḳ	D
7732	Ḵ	D
7733	ḵ	D
7734	Ḷ	D
7735	ḷ	D
7736	Ḹ	D
7737	ḹ	D
7738	Ḻ	D
7739	ḻ	D
7740	Ḽ	D
7741	ḽ	D
7742	Ḿ	D
7743	ḿ	D
7744	Ṁ	D
7745	ṁ	D
7746	Ṃ	D
7747	ṃ	D
7748	Ṅ	D
7749	ṅ	D
7750	Ṇ	D
7751	ṇ	D
7752	Ṉ	D
7753	ṉ	D
7754	Ṋ	D
7755	ṋ	D
7756	Ṍ	D
7757	ṍ	D
7758	Ṏ	D
7759	ṏ	D
7760	Ṑ	D
7761	ṑ	D
7762	Ṓ	D
7763	ṓ	D
7764	Ṕ	D
7765	ṕ	D
7766	Ṗ	D
7767	ṗ	D
7768	Ṙ	D
7769	ṙ	D
7770	Ṛ	D
7771	ṛ	D
7772	Ṝ	D
7773	ṝ	D
7774	Ṟ	D
7775	ṟ	D
7776	Ṡ	D
7777	ṡ	D
7778	Ṣ	D
7779	ṣ	D
7780	Ṥ	D
7781	ṥ	D
7782	Ṧ	D
7783	ṧ	D
7784	Ṩ	D
7785	ṩ	D
7786	Ṫ	D
7787	ṫ	D
7788	Ṭ	D
7789	ṭ	D
7790	Ṯ	D
7791	ṯ	D
7792	Ṱ	D
7793	ṱ	D
7794	Ṳ	D
7795	ṳ	D
7796	Ṵ	D
7797	ṵ	D
7798	Ṷ	D
7799	ṷ	D
7800	Ṹ	D
7801	ṹ	D
7802	Ṻ	D
7803	ṻ	D
7804	Ṽ	D
7805	ṽ	D
7806	Ṿ	D
7807	ṿ	D
7808	Ẁ	D
7809	ẁ	D
7810	Ẃ	D
7811	ẃ	D
7812	Ẅ	D
7813	ẅ	D
7814	Ẇ	D
7815	ẇ	D
7816	Ẉ	D
7817	ẉ	D
7818	Ẋ	D
7819	ẋ	D
7820	Ẍ	D
7821	ẍ	D
7822	Ẏ	D
7823	ẏ	D
7824	Ẑ	D
7825	ẑ	D
7826	Ẓ	D
7827	ẓ	D
7828	Ẕ	D
7829	ẕ	D
7830	ẖ	D
7831	ẗ	D
7832	ẘ	D
7833	ẙ	D
7834	ẚ	D
7835	ẛ	D
7836	ẜ	D
7837	ẝ	D
7838	ẞ	D
7839	ẟ	D
7840	Ạ	D
7841	ạ	D
7842	Ả	D
7843	ả	D
7844	Ấ	D
7845	ấ	D
7846	Ầ	D
7847	ầ	D
7848	Ẩ	D
7849	ẩ	D
7850	Ẫ	D
7851	ẫ	D
7852	Ậ	D
7853	ậ	D
7854	Ắ	D
7855	ắ	D
7856	Ằ	D
7857	ằ	D
7858	Ẳ	D
7859	ẳ	D
7860	Ẵ	D
7861	ẵ	D
7862	Ặ	D
7863	ặ	D
7864	Ẹ	D
7865	ẹ	D
7866	Ẻ	D
7867	ẻ	D
7868	Ẽ	D
7869	ẽ	D
7870	Ế	D
7871	ế	D
7872	Ề	D
7873	ề	D
7874	Ể	D
7875	ể	D
7876	Ễ	D
7877	ễ	D
7878	Ệ	D
7879	ệ	D
7880	Ỉ	D
7881	ỉ	D
7882	Ị	D
7883	ị	D
7884	Ọ	D
7885	ọ	D
7886	Ỏ	D
7887	ỏ	D
7888	Ố	D
7889	ố	D
7890	Ồ	D
7891	ồ	D
7892	Ổ	D
7893	ổ	D
7894	Ỗ	D
7895	ỗ	D
7896	Ộ	D
7897	ộ	D
7898	Ớ	D
7899	ớ	D
7900	Ờ	D
7901	ờ	D
7902	Ở	D
7903	ở	D
7904	Ỡ	D
7905	ỡ	D
7906	Ợ	D
7907	ợ	D
7908	Ụ	D
7909	ụ	D
7910	Ủ	D
7911	ủ	D
7912	Ứ	D
7913	ứ	D
7914	Ừ	D
7915	ừ	D
7916	Ử	D
7917	ử	D
7918	Ữ	D
7919	ữ	D
7920	Ự	D
7921	ự	D
7922	Ỳ	D
7923	ỳ	D
7924	Ỵ	D
7925	ỵ	D
7926	Ỷ	D
7927	ỷ	D
7928	Ỹ	D
7929	ỹ	D
7930	Ỻ	D
7931	ỻ	D
7936	ἀ	D
7937	ἁ	D
7938	ἂ	D
7939	ἃ	D
7940	ἄ	D
7941	ἅ	D
7942	ἆ	D
7943	ἇ	D
7944	Ἀ	D
7945	Ἁ	D
7946	Ἂ	D
7947	Ἃ	D
7948	Ἄ	D
7949	Ἅ	D
7950	Ἆ	D
7951	Ἇ	D
7952	ἐ	D
7953	ἑ	D
7954	ἒ	D
7955	ἓ	D
7956	ἔ	D
7957	ἕ	D
7960	Ἐ	D
7961	Ἑ	D
7962	Ἒ	D
7963	Ἓ	D
7964	Ἔ	D
7965	Ἕ	D
7968	ἠ	D
7969	ἡ	D
7970	ἢ	D
7971	ἣ	D
7972	ἤ	D
7973	ἥ	D
7974	ἦ	D
7975	ἧ	D
7976	Ἠ	D
7977	Ἡ	D
7978	Ἢ	D
7979	Ἣ	D
7980	Ἤ	D
7981	Ἥ	D
7982	Ἦ	D
7983	Ἧ	D
7984	ἰ	D
7985	ἱ	D
7986	ἲ	D
7987	ἳ	D
7988	ἴ	D
7989	ἵ	D
7990	ἶ	D
7991	ἷ	D
7992	Ἰ	D
7993	Ἱ	D
7994	Ἲ	D
7995	Ἳ	D
7996	Ἴ	D
7997	Ἵ	D
7998	Ἶ	D
7999	Ἷ	D
8000	ὀ	D
8001	ὁ	D
8002	ὂ	D
8003	ὃ	D
8004	ὄ	D
8005	ὅ	D
8008	Ὀ	D
8009	Ὁ	D
8010	Ὂ	D
8011	Ὃ	D
8012	Ὄ	D
8013	Ὅ	D
8016	ὐ	D
8017	ὑ	D
8018	ὒ	D
8019	ὓ	D
8020	ὔ	D
8021	ὕ	D
8022	ὖ	D
8023	ὗ	D
8025	Ὑ	D
8027	Ὓ	D
8029	Ὕ	D
8031	Ὗ	D
8032	ὠ	D
8033	ὡ	D
8034	ὢ	D
8035	ὣ	D
8036	ὤ	D
8037	ὥ	D
8038	ὦ	D
8039	ὧ	D
8040	Ὠ	D
8041	Ὡ	D
8042	Ὢ	D
8043	Ὣ	D
8044	Ὤ	D
8045	Ὥ	D
8046	Ὦ	D
8047	Ὧ	D
8048	ὰ	D
8049	ά	D
8050	ὲ	D
8051	έ	D
8052	ὴ	D
8053	ή	D
8054	ὶ	D
8055	ί	D
8056	ὸ	D
8057	ό	D
8058	ὺ	D
8059	ύ	D
8060	ὼ	D
8061	ώ	D
8064	ᾀ	D
8065	ᾁ	D
8066	ᾂ	D
8067	ᾃ	D
8068	ᾄ	D
8069	ᾅ	D
8070	ᾆ	D
8071	ᾇ	D
8072	ᾈ	D
8073	ᾉ	D
8074	ᾊ	D
8075	ᾋ	D
8076	ᾌ	D
8077	ᾍ	D
8078	ᾎ	D
8079	ᾏ	D
8080	ᾐ	D
8081	ᾑ	D
8082	ᾒ	D
8083	ᾓ	D
8084	ᾔ	D
8085	ᾕ	D
8086	ᾖ	D
8087	ᾗ	D
8088	ᾘ	D
8089	ᾙ	D
8090	ᾚ	D
8091	ᾛ	D
8092	ᾜ	D
8093	ᾝ	D
8094	ᾞ	D
8095	ᾟ	D
8096	ᾠ	D
8097	ᾡ	D
8098	ᾢ	D
8099	ᾣ	D
8100	ᾤ	D
8101	ᾥ	D
8102	ᾦ	D
8103	ᾧ	D
8104	ᾨ	D
8105	ᾩ	D
8106	ᾪ	D
8107	ᾫ	D
8108	ᾬ	D
8109	ᾭ	D
8110	ᾮ	D
8111	ᾯ	D
8112	ᾰ	D
8113	ᾱ	D
8114	ᾲ	D
8115	ᾳ	D
8116	ᾴ	D
8118	ᾶ	D
8119	ᾷ	D
8120	Ᾰ	D
8121	Ᾱ	D
8122	Ὰ	D
8123	Ά	D
8124	ᾼ	D
8125	᾽	D
8126	ι	D
8127	᾿	D
8128	῀	D
8129	῁	D
8130	ῂ	D
8131	ῃ	D
8132	ῄ	D
8134	ῆ	D
8135	ῇ	D
8136	Ὲ	D
8137	Έ	D
8138	Ὴ	D
8139	Ή	D
8140	ῌ	D
8141	῍	D
8142	῎	D
8143	῏	D
8144	ῐ	D
8145	ῑ	D
8146	ῒ	D
8147	ΐ	D
8150	ῖ	D
8151	ῗ	D
8152	Ῐ	D
8153	Ῑ	D
8154	Ὶ	D
8155	Ί	D
8157	῝	D
8158	῞	D
8159	῟	D
8160	ῠ	D
8161	ῡ	D
8162	ῢ	D
8163	ΰ	D
8164	ῤ	D
8165	ῥ	D
8166	ῦ	D
8167	ῧ	D
8168	Ῠ	D
8169	Ῡ	D
8170	Ὺ	D
8171	Ύ	D
8172	Ῥ	D
8173	῭	D
8174	΅	D
8175	`	D
8178	ῲ	D
8179	ῳ	D
8180	ῴ	D
8182	ῶ	D
8183	ῷ	D
8184	Ὸ	D
8185	Ό	D
8186	Ὼ	D
8187	Ώ	D
8188	ῼ	D
8189	´	D
8190	῾	D
8192	 	D
8193	 	D
8194	 	D
8195	 	D
8196	 	D
8197	 	D
8198	 	D
8199	 	D
8200	 	D
8201	 	D
8202	 	D
8203	​	D
8204	‌	D
8205	‍	D
8206	‎	D
8207	‏	D
8208	‐	D
8209	‑	D
8210	‒	D
8211	–	D
8212	—	D
8213	―	D
8214	‖	D
8215	‗	D
8216	‘	D
8217	’	D
8218	‚	D
8219	‛	D
8220	“	D
8221	”	D
8222	„	D
8223	‟	D
8224	†	D
8225	‡	D
8226	•	D
8227	‣	D
8228	․	D
8229	‥	D
8230	…	D
8231	‧	D
8232	 	D
8233	 	D
8234	‪	D
8235	‫	D
8236	‬	D
8237	‭	D
8238	‮	D
8239	 	D
8240	‰	D
8241	‱	D
8242	′	D
8243	″	D
8244	‴	D
8245	‵	D
8246	‶	D
8247	‷	D
8248	‸	D
8249	‹	D
8250	›	D
8251	※	D
8252	‼	D
8253	‽	D
8254	‾	D
8255	‿	D
8256	⁀	D
8257	⁁	D
8258	⁂	D
8259	⁃	D
8260	⁄	D
8261	⁅	D
8262	⁆	D
8263	⁇	D
8264	⁈	D
8265	⁉	D
8266	⁊	D
8267	⁋	D
8268	⁌	D
8269	⁍	D
8270	⁎	D
8271	⁏	D
8272	⁐	D
8273	⁑	D
8274	⁒	D
8275	⁓	D
8276	⁔	D
8277	⁕	D
8278	⁖	D
8279	⁗	D
8280	⁘	D
8281	⁙	D
8282	⁚	D
8283	⁛	D
8284	⁜	D
8285	⁝	D
8286	⁞	D
8287	 	D
8288	⁠	D
8289	⁡	D
8290	⁢	D
8291	⁣	D
8292	⁤	D
8298	⁪	D
8299	⁫	D
8300	⁬	D
8301	⁭	D
8302	⁮	D
8303	⁯	D
8304	⁰	D
8305	ⁱ	D
8308	⁴	D
8309	⁵	D
8310	⁶	D
8311	⁷	D
8312	⁸	D
8313	⁹	D
8314	⁺	D
8315	⁻	D
8316	⁼	D
8317	⁽	D
8318	⁾	D
8319	ⁿ	D
8320	₀	D
8321	₁	D
8322	₂	D
8323	₃	D
8324	₄	D
8325	₅	D
8326	₆	D
8327	₇	D
8328	₈	D
8329	₉	D
8330	₊	D
8331	₋	D
8332	₌	D
8333	₍	D
8334	₎	D
8336	ₐ	D
8337	ₑ	D
8338	ₒ	D
8339	ₓ	D
8340	ₔ	D
8341	ₕ	D
8342	ₖ	D
8343	ₗ	D
8344	ₘ	D
8345	ₙ	D
8346	ₚ	D
8347	ₛ	D
8348	ₜ	D
8352	₠	D
8353	₡	D
8354	₢	D
8355	₣	D
8356	₤	D
8357	₥	D
8358	₦	D
8359	₧	D
8360	₨	D
8361	₩	D
8362	₪	D
8363	₫	D
8364	€	D
8365	₭	D
8366	₮	D
8367	₯	D
8368	₰	D
8369	₱	D
8370	₲	D
8371	₳	D
8372	₴	D
8373	₵	D
8376	₸	D
8377	₹	D
8378	₺	D
8381	₽	D
8400	⃐	D
8401	⃑	D
8406	⃖	D
8407	⃗	D
8411	⃛	D
8412	⃜	D
8417	⃡	D
8448	℀	D
8449	℁	D
8450	ℂ	D
8451	℃	D
8452	℄	D
8453	℅	D
8454	℆	D
8455	ℇ	D
8456	℈	D
8457	℉	D
8459	ℋ	D
8460	ℌ	D
8461	ℍ	D
8462	ℎ	D
8463	ℏ	D
8464	ℐ	D
8465	ℑ	D
8466	ℒ	D
8467	ℓ	D
8468	℔	D
8469	ℕ	D
8470	№	D
8471	℗	D
8472	℘	D
8473	ℙ	D
8474	ℚ	D
8475	ℛ	D
8476	ℜ	D
8477	ℝ	D
8478	℞	D
8479	℟	D
8480	℠	D
8481	℡	D
8482	™	D
8483	℣	D
8484	ℤ	D
8485	℥	D
8486	Ω	D
8487	℧	D
8488	ℨ	D
8489	℩	D
8490	K	D
8491	Å	D
8492	ℬ	D
8493	ℭ	D
8494	℮	D
8495	ℯ	D
8496	ℰ	D
8497	ℱ	D
8498	Ⅎ	D
8499	ℳ	D
8500	ℴ	D
8501	ℵ	D
8502	ℶ	D
8503	ℷ	D
8504	ℸ	D
8505	ℹ	D
8506	℺	D
8507	℻	D
8508	ℼ	D
8509	ℽ	D
8510	ℾ	D
8511	ℿ	D
8512	⅀	D
8513	⅁	D
8514	⅂	D
8515	⅃	D
8516	⅄	D
8517	ⅅ	D
8518	ⅆ	D
8519	ⅇ	D
8520	ⅈ	D
8521	ⅉ	D
8523	⅋	D
8526	ⅎ	D
8528	⅐	D
8529	⅑	D
8530	⅒	D
8531	⅓	D
8532	⅔	D
8533	⅕	D
8534	⅖	D
8535	⅗	D
8536	⅘	D
8537	⅙	D
8538	⅚	D
8539	⅛	D
8540	⅜	D
8541	⅝	D
8542	⅞	D
8543	⅟	D
8544	Ⅰ	D
8545	Ⅱ	D
8546	Ⅲ	D
8547	Ⅳ	D
8548	Ⅴ	D
8549	Ⅵ	D
8550	Ⅶ	D
8551	Ⅷ	D
8552	Ⅸ	D
8553	Ⅹ	D
8554	Ⅺ	D
8555	Ⅻ	D
8556	Ⅼ	D
8557	Ⅽ	D
8558	Ⅾ	D
8559	Ⅿ	D
8560	ⅰ	D
8561	ⅱ	D
8562	ⅲ	D
8563	ⅳ	D
8564	ⅴ	D
8565	ⅵ	D
8566	ⅶ	D
8567	ⅷ	D
8568	ⅸ	D
8569	ⅹ	D
8570	ⅺ	D
8571	ⅻ	D
8572	ⅼ	D
8573	ⅽ	D
8574	ⅾ	D
8575	ⅿ	D
8576	ↀ	D
8577	ↁ	D
8578	ↂ	D
8579	Ↄ	D
8580	ↄ	D
8581	ↅ	D
8585	↉	D
8592	←	D
8593	↑	D
8594	→	D
8595	↓	D
8596	↔	D
8597	↕	D
8598	↖	D
8599	↗	D
8600	↘	D
8601	↙	D
8602	↚	D
8603	↛	D
8604	↜	D
8605	↝	D
8606	↞	D
8607	↟	D
8608	↠	D
8609	↡	D
8610	↢	D
8611	↣	D
8612	↤	D
8613	↥	D
8614	↦	D
8615	↧	D
8616	↨	D
8617	↩	D
8618	↪	D
8619	↫	D
8620	↬	D
8621	↭	D
8622	↮	D
8623	↯	D
8624	↰	D
8625	↱	D
8626	↲	D
8627	↳	D
8628	↴	D
8629	↵	D
8630	↶	D
8631	↷	D
8632	↸	D
8633	↹	D
8634	↺	D
8635	↻	D
8636	↼	D
8637	↽	D
8638	↾	D
8639	↿	D
8640	⇀	D
8641	⇁	D
8642	⇂	D
8643	⇃	D
8644	⇄	D
8645	⇅	D
8646	⇆	D
8647	⇇	D
8648	⇈	D
8649	⇉	D
8650	⇊	D
8651	⇋	D
8652	⇌	D
8653	⇍	D
8654	⇎	D
8655	⇏	D
8656	⇐	D
8657	⇑	D
8658	⇒	D
8659	⇓	D
8660	⇔	D
8661	⇕	D
8662	⇖	D
8663	⇗	D
8664	⇘	D
8665	⇙	D
8666	⇚	D
8667	⇛	D
8668	⇜	D
8669	⇝	D
8670	⇞	D
8671	⇟	D
8672	⇠	D
8673	⇡	D
8674	⇢	D
8675	⇣	D
8676	⇤	D
8677	⇥	D
8678	⇦	D
8679	⇧	D
8680	⇨	D
8681	⇩	D
8682	⇪	D
8683	⇫	D
8684	⇬	D
8685	⇭	D
8686	⇮	D
8687	⇯	D
8688	⇰	D
8689	⇱	D
8690	⇲	D
8691	⇳	D
8692	⇴	D
8693	⇵	D
8694	⇶	D
8695	⇷	D
8696	⇸	D
8697	⇹	D
8698	⇺	D
8699	⇻	D
8700	⇼	D
8701	⇽	D
8702	⇾	D
8703	⇿	D
8704	∀	D
8705	∁	D
8706	∂	D
8707	∃	D
8708	∄	D
8709	∅	D
8710	∆	D
8711	∇	D
8712	∈	D
8713	∉	D
8714	∊	D
8715	∋	D
8716	∌	D
8717	∍	D
8718	∎	D
8719	∏	D
8720	∐	D
8721	∑	D
8722	−	D
8723	∓	D
8724	∔	D
8725	∕	D
8726	∖	D
8727	∗	D
8728	∘	D
8729	∙	D
8730	√	D
8731	∛	D
8732	∜	D
8733	∝	D
8734	∞	D
8735	∟	D
8736	∠	D
8737	∡	D
8738	∢	D
8739	∣	D
8740	∤	D
8741	∥	D
8742	∦	D
8743	∧	D
8744	∨	D
8745	∩	D
8746	∪	D
8747	∫	D
8748	∬	D
8749	∭	D
8750	∮	D
8751	∯	D
8752	∰	D
8753	∱	D
8754	∲	D
8755	∳	D
8756	∴	D
8757	∵	D
8758	∶	D
8759	∷	D
8760	∸	D
8761	∹	D
8762	∺	D
8763	∻	D
8764	∼	D
8765	∽	D
8766	∾	D
8767	∿	D
8768	≀	D
8769	≁	D
8770	≂	D
8771	≃	D
8772	≄	D
8773	≅	D
8774	≆	D
8775	≇	D
8776	≈	D
8777	≉	D
8778	≊	D
8779	≋	D
8780	≌	D
8781	≍	D
8782	≎	D
8783	≏	D
8784	≐	D
8785	≑	D
8786	≒	D
8787	≓	D
8788	≔	D
8789	≕	D
8790	≖	D
8791	≗	D
8792	≘	D
8793	≙	D
8794	≚	D
8795	≛	D
8796	≜	D
8797	≝	D
8798	≞	D
8799	≟	D
8800	≠	D
8801	≡	D
8802	≢	D
8803	≣	D
8804	≤	D
8805	≥	D
8806	≦	D
8807	≧	D
8808	≨	D
8809	≩	D
8810	≪	D
8811	≫	D
8812	≬	D
8813	≭	D
8814	≮	D
8815	≯	D
8816	≰	D
8817	≱	D
8818	≲	D
8819	≳	D
8820	≴	D
8821	≵	D
8822	≶	D
8823	≷	D
8824	≸	D
8825	≹	D
8826	≺	D
8827	≻	D
8828	≼	D
8829	≽	D
8830	≾	D
8831	≿	D
8832	⊀	D
8833	⊁	D
8834	⊂	D
8835	⊃	D
8836	⊄	D
8837	⊅	D
8838	⊆	D
8839	⊇	D
8840	⊈	D
8841	⊉	D
8842	⊊	D
8843	⊋	D
8844	⊌	D
8845	⊍	D
8846	⊎	D
8847	⊏	D
8848	⊐	D
8849	⊑	D
8850	⊒	D
8851	⊓	D
8852	⊔	D
8853	⊕	D
8854	⊖	D
8855	⊗	D
8856	⊘	D
8857	⊙	D
8858	⊚	D
8859	⊛	D
8860	⊜	D
8861	⊝	D
8862	⊞	D
8863	⊟	D
8864	⊠	D
8865	⊡	D
8866	⊢	D
8867	⊣	D
8868	⊤	D
8869	⊥	D
8870	⊦	D
8871	⊧	D
8872	⊨	D
8873	⊩	D
8874	⊪	D
8875	⊫	D
8876	⊬	D
8877	⊭	D
8878	⊮	D
8879	⊯	D
8880	⊰	D
8881	⊱	D
8882	⊲	D
8883	⊳	D
8884	⊴	D
8885	⊵	D
8886	⊶	D
8887	⊷	D
8888	⊸	D
8889	⊹	D
8890	⊺	D
8891	⊻	D
8892	⊼	D
8893	⊽	D
8894	⊾	D
8895	⊿	D
8896	⋀	D
8897	⋁	D
8898	⋂	D
8899	⋃	D
8900	⋄	D
8901	⋅	D
8902	⋆	D
8903	⋇	D
8904	⋈	D
8905	⋉	D
8906	⋊	D
8907	⋋	D
8908	⋌	D
8909	⋍	D
8910	⋎	D
8911	⋏	D
8912	⋐	D
8913	⋑	D
8914	⋒	D
8915	⋓	D
8916	⋔	D
8917	⋕	D
8918	⋖	D
8919	⋗	D
8920	⋘	D
8921	⋙	D
8922	⋚	D
8923	⋛	D
8924	⋜	D
8925	⋝	D
8926	⋞	D
8927	⋟	D
8928	⋠	D
8929	⋡	D
8930	⋢	D
8931	⋣	D
8932	⋤	D
8933	⋥	D
8934	⋦	D
8935	⋧	D
8936	⋨	D
8937	⋩	D
8938	⋪	D
8939	⋫	D
8940	⋬	D
8941	⋭	D
8942	⋮	D
8943	⋯	D
8944	⋰	D
8945	⋱	D
8946	⋲	D
8947	⋳	D
8948	⋴	D
8949	⋵	D
8950	⋶	D
8951	⋷	D
8952	⋸	D
8953	⋹	D
8954	⋺	D
8955	⋻	D
8956	⋼	D
8957	⋽	D
8958	⋾	D
8959	⋿	D
8960	⌀	D
8961	⌁	D
8962	⌂	D
8963	⌃	D
8964	⌄	D
8965	⌅	D
8966	⌆	D
8967	⌇	D
8968	⌈	D
8969	⌉	D
8970	⌊	D
8971	⌋	D
8972	⌌	D
8973	⌍	D
8974	⌎	D
8975	⌏	D
8976	⌐	D
8977	⌑	D
8984	⌘	D
8985	⌙	D
8988	⌜	D
8989	⌝	D
8990	⌞	D
8991	⌟	D
8992	⌠	D
8993	⌡	D
8996	⌤	D
8997	⌥	D
8998	⌦	D
8999	⌧	D
9000	⌨	D
9003	⌫	D
9004	⌬	D
9075	⍳	D
9076	⍴	D
9077	⍵	D
9082	⍺	D
9085	⍽	D
9095	⎇	D
9108	⎔	D
9115	⎛	D
9116	⎜	D
9117	⎝	D
9118	⎞	D
9119	⎟	D
9120	⎠	D
9121	⎡	D
9122	⎢	D
9123	⎣	D
9124	⎤	D
9125	⎥	D
9126	⎦	D
9127	⎧	D
9128	⎨	D
9129	⎩	D
9130	⎪	D
9131	⎫	D
9132	⎬	D
9133	⎭	D
9134	⎮	D
9166	⏎	D
9167	⏏	D
9187	⏣	D
9189	⏥	D
9192	⏨	D
9250	␢	D
9251	␣	D
9312	①	D
9313	②	D
9314	③	D
9315	④	D
9316	⑤	D
9317	⑥	D
9318	⑦	D
9319	⑧	D
9320	⑨	D
9321	⑩	D
9472	─	D
9473	━	D
9474	│	D
9475	┃	D
9476	┄	D
9477	┅	D
9478	┆	D
9479	┇	D
9480	┈	D
9481	┉	D
9482	┊	D
9483	┋	D
9484	┌	D
9485	┍	D
9486	┎	D
9487	┏	D
9488	┐	D
9489	┑	D
9490	┒	D
9491	┓	D
9492	└	D
9493	┕	D
9494	┖	D
9495	┗	D
9496	┘	D
9497	┙	D
9498	┚	D
9499	┛	D
9500	├	D
9501	┝	D
9502	┞	D
9503	┟	D
9504	┠	D
9505	┡	D
9506	┢	D
9507	┣	D
9508	┤	D
9509	┥	D
9510	┦	D
9511	┧	D
9512	┨	D
9513	┩	D
9514	┪	D
9515	┫	D
9516	┬	D
9517	┭	D
9518	┮	D
9519	┯	D
9520	┰	D
9521	┱	D
9522	┲	D
9523	┳	D
9524	┴	D
9525	┵	D
9526	┶	D
9527	┷	D
9528	┸	D
9529	┹	D
9530	┺	D
9531	┻	D
9532	┼	D
9533	┽	D
9534	┾	D
9535	┿	D
9536	╀	D
9537	╁	D
9538	╂	D
9539	╃	D
9540	╄	D
9541	╅	D
9542	╆	D
9543	╇	D
9544	╈	D
9545	╉	D
9546	╊	D
9547	╋	D
9548	╌	D
9549	╍	D
9550	╎	D
9551	╏	D
9552	═	D
9553	║	D
9554	╒	D
9555	╓	D
9556	╔	D
9557	╕	D
9558	╖	D
9559	╗	D
9560	╘	D
9561	╙	D
9562	╚	D
9563	╛	D
9564	╜	D
9565	╝	D
9566	╞	D
9567	╟	D
9568	╠	D
9569	╡	D
9570	╢	D
9571	╣	D
9572	╤	D
9573	╥	D
9574	╦	D
9575	╧	D
9576	╨	D
9577	╩	D
9578	╪	D
9579	╫	D
9580	╬	D
9581	╭	D
9582	╮	D
9583	╯	D
9584	╰	D
9585	╱	D
9586	╲	D
9587	╳	D
9588	╴	D
9589	╵	D
9590	╶	D
9591	╷	D
9592	╸	D
9593	╹	D
9594	╺	D
9595	╻	D
9596	╼	D
9597	╽	D
9598	╾	D
9599	╿	D
9600	▀	D
9601	▁	D
9602	▂	D
9603	▃	D
9604	▄	D
9605	▅	D
9606	▆	D
9607	▇	D
9608	█	D
9609	▉	D
9610	▊	D
9611	▋	D
9612	▌	D
9613	▍	D
9614	▎	D
9615	▏	D
9616	▐	D
9617	░	D
9618	▒	D
9619	▓	D
9620	▔	D
9621	▕	D
9622	▖	D
9623	▗	D
9624	▘	D
9625	▙	D
9626	▚	D
9627	▛	D
9628	▜	D
9629	▝	D
9630	▞	D
9631	▟	D
9632	■	D
9633	□	D
9634	▢	D
9635	▣	D
9636	▤	D
9637	▥	D
9638	▦	D
9639	▧	D
9640	▨	D
9641	▩	D
9642	▪	D
9643	▫	D
9644	▬	D
9645	▭	D
9646	▮	D
9647	▯	D
9648	▰	D
9649	▱	D
9650	▲	D
9651	△	D
9652	▴	D
9653	▵	D
9654	▶	D
9655	▷	D
9656	▸	D
9657	▹	D
9658	►	D
9659	▻	D
9660	▼	D
9661	▽	D
9662	▾	D
9663	▿	D
9664	◀	D
9665	◁	D
9666	◂	D
9667	◃	D
9668	◄	D
9669	◅	D
9670	◆	D
9671	◇	D
9672	◈	D
9673	◉	D
9674	◊	D
9675	○	D
9676	◌	D
9677	◍	D
9678	◎	D
9679	●	D
9680	◐	D
9681	◑	D
9682	◒	D
9683	◓	D
9684	◔	D
9685	◕	D
9686	◖	D
9687	◗	D
9688	◘	D
9689	◙	D
9690	◚	D
9691	◛	D
9692	◜	D
9693	◝	D
9694	◞	D
9695	◟	D
9696	◠	D
9697	◡	D
9698	◢	D
9699	◣	D
9700	◤	D
9701	◥	D
9702	◦	D
9703	◧	D
9704	◨	D
9705	◩	D
9706	◪	D
9707	◫	D
9708	◬	D
9709	◭	D
9710	◮	D
9711	◯	D
9712	◰	D
9713	◱	D
9714	◲	D
9715	◳	D
9716	◴	D
9717	◵	D
9718	◶	D
9719	◷	D
9720	◸	D
9721	◹	D
9722	◺	D
9723	◻	D
9724	◼	D
9725	◽	D
9726	◾	D
9727	◿	D
9728	☀	D
9729	☁	D
9730	☂	D
9731	☃	D
9732	☄	D
9733	★	D
9734	☆	D
9735	☇	D
9736	☈	D
9737	☉	D
9738	☊	D
9739	☋	D
9740	☌	D
9741	☍	D
9742	☎	D
9743	☏	D
9744	☐	D
9745	☑	D
9746	☒	D
9747	☓	D
9748	☔	D
9749	☕	D
9750	☖	D
9751	☗	D
9752	☘	D
9753	☙	D
9754	☚	D
9755	☛	D
9756	☜	D
9757	☝	D
9758	☞	D
9759	☟	D
9760	☠	D
9761	☡	D
9762	☢	D
9763	☣	D
9764	☤	D
9765	☥	D
9766	☦	D
9767	☧	D
9768	☨	D
9769	☩	D
9770	☪	D
9771	☫	D
9772	☬	D
9773	☭	D
9774	☮	D
9775	☯	D
9776	☰	D
9777	☱	D
9778	☲	D
9779	☳	D
9780	☴	D
9781	☵	D
9782	☶	D
9783	☷	D
9784	☸	D
9785	☹	D
9786	☺	D
9787	☻	D
9788	☼	D
9789	☽	D
9790	☾	D
9791	☿	D
9792	♀	D
9793	♁	D
9794	♂	D
9795	♃	D
9796	♄	D
9797	♅	D
9798	♆	D
9799	♇	D
9800	♈	D
9801	♉	D
9802	♊	D
9803	♋	D
9804	♌	D
9805	♍	D
9806	♎	D
9807	♏	D
9808	♐	D
9809	♑	D
9810	♒	D
9811	♓	D
9812	♔	D
9813	♕	D
9814	♖	D
9815	♗	D
9816	♘	D
9817	♙	D
9818	♚	D
9819	♛	D
9820	♜	D
9821	♝	D
9822	♞	D
9823	♟	D
9824	♠	D
9825	♡	D
9826	♢	D
9827	♣	D
9828	♤	D
9829	♥	D
9830	♦	D
9831	♧	D
9832	♨	D
9833	♩	D
9834	♪	D
9835	♫	D
9836	♬	D
9837	♭	D
9838	♮	D
9839	♯	D
9840	♰	D
9841	♱	D
9842	♲	D
9843	♳	D
9844	♴	D
9845	♵	D
9846	♶	D
9847	♷	D
9848	♸	D
9849	♹	D
9850	♺	D
9851	♻	D
9852	♼	D
9853	♽	D
9854	♾	D
9855	♿	D
9856	⚀	D
9857	⚁	D
9858	⚂	D
9859	⚃	D
9860	⚄	D
9861	⚅	D
9862	⚆	D
9863	⚇	D
9864	⚈	D
9865	⚉	D
9866	⚊	D
9867	⚋	D
9868	⚌	D
9869	⚍	D
9870	⚎	D
9871	⚏	D
9872	⚐	D
9873	⚑	D
9874	⚒	D
9875	⚓	D
9876	⚔	D
9877	⚕	D
9878	⚖	D
9879	⚗	D
9880	⚘	D
9881	⚙	D
9882	⚚	D
9883	⚛	D
9884	⚜	D
9886	⚞	D
9887	⚟	D
9888	⚠	D
9889	⚡	D
9890	⚢	D
9891	⚣	D
9892	⚤	D
9893	⚥	D
9894	⚦	D
9895	⚧	D
9896	⚨	D
9897	⚩	D
9898	⚪	D
9899	⚫	D
9900	⚬	D
9901	⚭	D
9902	⚮	D
9903	⚯	D
9904	⚰	D
9905	⚱	D
9906	⚲	D
9907	⚳	D
9908	⚴	D
9909	⚵	D
9910	⚶	D
9911	⚷	D
9912	⚸	D
9920	⛀	D
9921	⛁	D
9922	⛂	D
9923	⛃	D
9954	⛢	D
9985	✁	D
9986	✂	D
9987	✃	D
9988	✄	D
9990	✆	D
9991	✇	D
9992	✈	D
9993	✉	D
9996	✌	D
9997	✍	D
9998	✎	D
9999	✏	D
10000	✐	D
10001	✑	D
10002	✒	D
10003	✓	D
10004	✔	D
10005	✕	D
10006	✖	D
10007	✗	D
10008	✘	D
10009	✙	D
10010	✚	D
10011	✛	D
10012	✜	D
10013	✝	D
10014	✞	D
10015	✟	D
10016	✠	D
10017	✡	D
10018	✢	D
10019	✣	D
10020	✤	D
10021	✥	D
10022	✦	D
10023	✧	D
10025	✩	D
10026	✪	D
10027	✫	D
10028	✬	D
10029	✭	D
10030	✮	D
10031	✯	D
10032	✰	D
10033	✱	D
10034	✲	D
10035	✳	D
10036	✴	D
10037	✵	D
10038	✶	D
10039	✷	D
10040	✸	D
10041	✹	D
10042	✺	D
10043	✻	D
10044	✼	D
10045	✽	D
10046	✾	D
10047	✿	D
10048	❀	D
10049	❁	D
10050	❂	D
10051	❃	D
10052	❄	D
10053	❅	D
10054	❆	D
10055	❇	D
10056	❈	D
10057	❉	D
10058	❊	D
10059	❋	D
10061	❍	D
10063	❏	D
10064	❐	D
10065	❑	D
10066	❒	D
10070	❖	D
10072	❘	D
10073	❙	D
10074	❚	D
10075	❛	D
10076	❜	D
10077	❝	D
10078	❞	D
10081	❡	D
10082	❢	D
10083	❣	D
10084	❤	D
10085	❥	D
10086	❦	D
10087	❧	D
10088	❨	D
10089	❩	D
10090	❪	D
10091	❫	D
10092	❬	D
10093	❭	D
10094	❮	D
10095	❯	D
10096	❰	D
10097	❱	D
10098	❲	D
10099	❳	D
10100	❴	D
10101	❵	D
10102	❶	D
10103	❷	D
10104	❸	D
10105	❹	D
10106	❺	D
10107	❻	D
10108	❼	D
10109	❽	D
10110	❾	D
10111	❿	D
10112	➀	D
10113	➁	D
10114	➂	D
10115	➃	D
10116	➄	D
10117	➅	D
10118	➆	D
10119	➇	D
10120	➈	D
10121	➉	D
10122	➊	D
10123	➋	D
10124	➌	D
10125	➍	D
10126	➎	D
10127	➏	D
10128	➐	D
10129	➑	D
10130	➒	D
10131	➓	D
10132	➔	D
10136	➘	D
10137	➙	D
10138	➚	D
10139	➛	D
10140	➜	D
10141	➝	D
10142	➞	D
10143	➟	D
10144	➠	D
10145	➡	D
10146	➢	D
10147	➣	D
10148	➤	D
10149	➥	D
10150	➦	D
10151	➧	D
10152	➨	D
10153	➩	D
10154	➪	D
10155	➫	D
10156	➬	D
10157	➭	D
10158	➮	D
10159	➯	D
10161	➱	D
10162	➲	D
10163	➳	D
10164	➴	D
10165	➵	D
10166	➶	D
10167	➷	D
10168	➸	D
10169	➹	D
10170	➺	D
10171	➻	D
10172	➼	D
10173	➽	D
10174	➾	D
10181	⟅	D
10182	⟆	D
10208	⟠	D
10214	⟦	D
10215	⟧	D
10216	⟨	D
10217	⟩	D
10218	⟪	D
10219	⟫	D
10224	⟰	D
10225	⟱	D
10226	⟲	D
10227	⟳	D
10228	⟴	D
10229	⟵	D
10230	⟶	D
10231	⟷	D
10232	⟸	D
10233	⟹	D
10234	⟺	D
10235	⟻	D
10236	⟼	D
10237	⟽	D
10238	⟾	D
10239	⟿	D
10240	⠀	D
10241	⠁	D
10242	⠂	D
10243	⠃	D
10244	⠄	D
10245	⠅	D
10246	⠆	D
10247	⠇	D
10248	⠈	D
10249	⠉	D
10250	⠊	D
10251	⠋	D
10252	⠌	D
10253	⠍	D
10254	⠎	D
10255	⠏	D
10256	⠐	D
10257	⠑	D
10258	⠒	D
10259	⠓	D
10260	⠔	D
10261	⠕	D
10262	⠖	D
10263	⠗	D
10264	⠘	D
10265	⠙	D
10266	⠚	D
10267	⠛	D
10268	⠜	D
10269	⠝	D
10270	⠞	D
10271	⠟	D
10272	⠠	D
10273	⠡	D
10274	⠢	D
10275	⠣	D
10276	⠤	D
10277	⠥	D
10278	⠦	D
10279	⠧	D
10280	⠨	D
10281	⠩	D
10282	⠪	D
10283	⠫	D
10284	⠬	D
10285	⠭	D
10286	⠮	D
10287	⠯	D
10288	⠰	D
10289	⠱	D
10290	⠲	D
10291	⠳	D
10292	⠴	D
10293	⠵	D
10294	⠶	D
10295	⠷	D
10296	⠸	D
10297	⠹	D
10298	⠺	D
10299	⠻	D
10300	⠼	D
10301	⠽	D
10302	⠾	D
10303	⠿	D
10304	⡀	D
10305	⡁	D
10306	⡂	D
10307	⡃	D
10308	⡄	D
10309	⡅	D
10310	⡆	D
10311	⡇	D
10312	⡈	D
10313	⡉	D
10314	⡊	D
10315	⡋	D
10316	⡌	D
10317	⡍	D
10318	⡎	D
10319	⡏	D
10320	⡐	D
10321	⡑	D
10322	⡒	D
10323	⡓	D
10324	⡔	D
10325	⡕	D
10326	⡖	D
10327	⡗	D
10328	⡘	D
10329	⡙	D
10330	⡚	D
10331	⡛	D
10332	⡜	D
10333	⡝	D
10334	⡞	D
10335	⡟	D
10336	⡠	D
10337	⡡	D
10338	⡢	D
10339	⡣	D
10340	⡤	D
10341	⡥	D
10342	⡦	D
10343	⡧	D
10344	⡨	D
10345	⡩	D
10346	⡪	D
10347	⡫	D
10348	⡬	D
10349	⡭	D
10350	⡮	D
10351	⡯	D
10352	⡰	D
10353	⡱	D
10354	⡲	D
10355	⡳	D
10356	⡴	D
10357	⡵	D
10358	⡶	D
10359	⡷	D
10360	⡸	D
10361	⡹	D
10362	⡺	D
10363	⡻	D
10364	⡼	D
10365	⡽	D
10366	⡾	D
10367	⡿	D
10368	⢀	D
10369	⢁	D
10370	⢂	D
10371	⢃	D
10372	⢄	D
10373	⢅	D
10374	⢆	D
10375	⢇	D
10376	⢈	D
10377	⢉	D
10378	⢊	D
10379	⢋	D
10380	⢌	D
10381	⢍	D
10382	⢎	D
10383	⢏	D
10384	⢐	D
10385	⢑	D
10386	⢒	D
10387	⢓	D
10388	⢔	D
10389	⢕	D
10390	⢖	D
10391	⢗	D
10392	⢘	D
10393	⢙	D
10394	⢚	D
10395	⢛	D
10396	⢜	D
10397	⢝	D
10398	⢞	D
10399	⢟	D
10400	⢠	D
10401	⢡	D
10402	⢢	D
10403	⢣	D
10404	⢤	D
10405	⢥	D
10406	⢦	D
10407	⢧	D
10408	⢨	D
10409	⢩	D
10410	⢪	D
10411	⢫	D
10412	⢬	D
10413	⢭	D
10414	⢮	D
10415	⢯	D
10416	⢰	D
10417	⢱	D
10418	⢲	D
10419	⢳	D
10420	⢴	D
10421	⢵	D
10422	⢶	D
10423	⢷	D
10424	⢸	D
10425	⢹	D
10426	⢺	D
10427	⢻	D
10428	⢼	D
10429	⢽	D
10430	⢾	D
10431	⢿	D
10432	⣀	D
10433	⣁	D
10434	⣂	D
10435	⣃	D
10436	⣄	D
10437	⣅	D
10438	⣆	D
10439	⣇	D
10440	⣈	D
10441	⣉	D
10442	⣊	D
10443	⣋	D
10444	⣌	D
10445	⣍	D
10446	⣎	D
10447	⣏	D
10448	⣐	D
10449	⣑	D
10450	⣒	D
10451	⣓	D
10452	⣔	D
10453	⣕	D
10454	⣖	D
10455	⣗	D
10456	⣘	D
10457	⣙	D
10458	⣚	D
10459	⣛	D
10460	⣜	D
10461	⣝	D
10462	⣞	D
10463	⣟	D
10464	⣠	D
10465	⣡	D
10466	⣢	D
10467	⣣	D
10468	⣤	D
10469	⣥	D
10470	⣦	D
10471	⣧	D
10472	⣨	D
10473	⣩	D
10474	⣪	D
10475	⣫	D
10476	⣬	D
10477	⣭	D
10478	⣮	D
10479	⣯	D
10480	⣰	D
10481	⣱	D
10482	⣲	D
10483	⣳	D
10484	⣴	D
10485	⣵	D
10486	⣶	D
10487	⣷	D
10488	⣸	D
10489	⣹	D
10490	⣺	D
10491	⣻	D
10492	⣼	D
10493	⣽	D
10494	⣾	D
10495	⣿	D
10502	⤆	D
10503	⤇	D
10506	⤊	D
10507	⤋	D
10560	⥀	D
10561	⥁	D
10627	⦃	D
10628	⦄	D
10702	⧎	D
10703	⧏	D
10704	⧐	D
10705	⧑	D
10706	⧒	D
10707	⧓	D
10708	⧔	D
10709	⧕	D
10731	⧫	D
10746	⧺	D
10747	⧻	D
10752	⨀	D
10753	⨁	D
10754	⨂	D
10764	⨌	D
10765	⨍	D
10766	⨎	D
10767	⨏	D
10768	⨐	D
10769	⨑	D
10770	⨒	D
10771	⨓	D
10772	⨔	D
10773	⨕	D
10774	⨖	D
10775	⨗	D
10776	⨘	D
10777	⨙	D
10778	⨚	D
10779	⨛	D
10780	⨜	D
10799	⨯	D
10858	⩪	D
10859	⩫	D
10877	⩽	D
10878	⩾	D
10879	⩿	D
10880	⪀	D
10881	⪁	D
10882	⪂	D
10883	⪃	D
10884	⪄	D
10885	⪅	D
10886	⪆	D
10887	⪇	D
10888	⪈	D
10889	⪉	D
10890	⪊	D
10891	⪋	D
10892	⪌	D
10893	⪍	D
10894	⪎	D
10895	⪏	D
10896	⪐	D
10897	⪑	D
10898	⪒	D
10899	⪓	D
10900	⪔	D
10901	⪕	D
10902	⪖	D
10903	⪗	D
10904	⪘	D
10905	⪙	D
10906	⪚	D
10907	⪛	D
10908	⪜	D
10909	⪝	D
10910	⪞	D
10911	⪟	D
10912	⪠	D
10926	⪮	D
10927	⪯	D
10928	⪰	D
10929	⪱	D
10930	⪲	D
10931	⪳	D
10932	⪴	D
10933	⪵	D
10934	⪶	D
10935	⪷	D
10936	⪸	D
10937	⪹	D
10938	⪺	D
11001	⫹	D
11002	⫺	D
11008	⬀	D
11009	⬁	D
11010	⬂	D
11011	⬃	D
11012	⬄	D
11013	⬅	D
11014	⬆	D
11015	⬇	D
11016	⬈	D
11017	⬉	D
11018	⬊	D
11019	⬋	D
11020	⬌	D
11021	⬍	D
11022	⬎	D
11023	⬏	D
11024	⬐	D
11025	⬑	D
11026	⬒	D
11027	⬓	D
11028	⬔	D
11029	⬕	D
11030	⬖	D
11031	⬗	D
11032	⬘	D
11033	⬙	D
11034	⬚	D
11039	⬟	D
11040	⬠	D
11041	⬡	D
11042	⬢	D
11043	⬣	D
11044	⬤	D
11091	⭓	D
11092	⭔	D
11360	Ⱡ	D
11361	ⱡ	D
11362	Ɫ	D
11363	Ᵽ	D
11364	Ɽ	D
11365	ⱥ	D
11366	ⱦ	D
11367	Ⱨ	D
11368	ⱨ	D
11369	Ⱪ	D
11370	ⱪ	D
11371	Ⱬ	D
11372	ⱬ	D
11373	Ɑ	D
11374	Ɱ	D
11375	Ɐ	D
11376	Ɒ	D
11377	ⱱ	D
11378	Ⱳ	D
11379	ⱳ	D
11380	ⱴ	D
11381	Ⱶ	D
11382	ⱶ	D
11383	ⱷ	D
11385	ⱹ	D
11386	ⱺ	D
11387	ⱻ	D
11388	ⱼ	D
11389	ⱽ	D
11390	Ȿ	D
11391	Ɀ	D
11520	ⴀ	D
11521	ⴁ	D
11522	ⴂ	D
11523	ⴃ	D
11524	ⴄ	D
11525	ⴅ	D
11526	ⴆ	D
11527	ⴇ	D
11528	ⴈ	D
11529	ⴉ	D
11530	ⴊ	D
11531	ⴋ	D
11532	ⴌ	D
11533	ⴍ	D
11534	ⴎ	D
11535	ⴏ	D
11536	ⴐ	D
11537	ⴑ	D
11538	ⴒ	D
11539	ⴓ	D
11540	ⴔ	D
11541	ⴕ	D
11542	ⴖ	D
11543	ⴗ	D
11544	ⴘ	D
11545	ⴙ	D
11546	ⴚ	D
11547	ⴛ	D
11548	ⴜ	D
11549	ⴝ	D
11550	ⴞ	D
11551	ⴟ	D
11552	ⴠ	D
11553	ⴡ	D
11554	ⴢ	D
11555	ⴣ	D
11556	ⴤ	D
11557	ⴥ	D
11568	ⴰ	D
11569	ⴱ	D
11570	ⴲ	D
11571	ⴳ	D
11572	ⴴ	D
11573	ⴵ	D
11574	ⴶ	D
11575	ⴷ	D
11576	ⴸ	D
11577	ⴹ	D
11578	ⴺ	D
11579	ⴻ	D
11580	ⴼ	D
11581	ⴽ	D
11582	ⴾ	D
11583	ⴿ	D
11584	ⵀ	D
11585	ⵁ	D
11586	ⵂ	D
11587	ⵃ	D
11588	ⵄ	D
11589	ⵅ	D
11590	ⵆ	D
11591	ⵇ	D
11592	ⵈ	D
11593	ⵉ	D
11594	ⵊ	D
11595	ⵋ	D
11596	ⵌ	D
11597	ⵍ	D
11598	ⵎ	D
11599	ⵏ	D
11600	ⵐ	D
11601	ⵑ	D
11602	ⵒ	D
11603	ⵓ	D
11604	ⵔ	D
11605	ⵕ	D
11606	ⵖ	D
11607	ⵗ	D
11608	ⵘ	D
11609	ⵙ	D
11610	ⵚ	D
11611	ⵛ	D
11612	ⵜ	D
11613	ⵝ	D
11614	ⵞ	D
11615	ⵟ	D
11616	ⵠ	D
11617	ⵡ	D
11618	ⵢ	D
11619	ⵣ	D
11620	ⵤ	D
11621	ⵥ	D
11631	ⵯ	D
11800	⸘	D
11807	⸟	D
11810	⸢	D
11811	⸣	D
11812	⸤	D
11813	⸥	D
11822	⸮	D
19904	䷀	D
19905	䷁	D
19906	䷂	D
19907	䷃	D
19908	䷄	D
19909	䷅	D
19910	䷆	D
19911	䷇	D
19912	䷈	D
19913	䷉	D
19914	䷊	D
19915	䷋	D
19916	䷌	D
19917	䷍	D
19918	䷎	D
19919	䷏	D
19920	䷐	D
19921	䷑	D
19922	䷒	D
19923	䷓	D
19924	䷔	D
19925	䷕	D
19926	䷖	D
19927	䷗	D
19928	䷘	D
19929	䷙	D
19930	䷚	D
19931	䷛	D
19932	䷜	D
19933	䷝	D
19934	䷞	D
19935	䷟	D
19936	䷠	D
19937	䷡	D
19938	䷢	D
19939	䷣	D
19940	䷤	D
19941	䷥	D
19942	䷦	D
19943	䷧	D
19944	䷨	D
19945	䷩	D
19946	䷪	D
19947	䷫	D
19948	䷬	D
19949	䷭	D
19950	䷮	D
19951	䷯	D
19952	䷰	D
19953	䷱	D
19954	䷲	D
19955	䷳	D
19956	䷴	D
19957	䷵	D
19958	䷶	D
19959	䷷	D
19960	䷸	D
19961	䷹	D
19962	䷺	D
19963	䷻	D
19964	䷼	D
19965	䷽	D
19966	䷾	D
19967	䷿	D
42192	ꓐ	D
42193	ꓑ	D
42194	ꓒ	D
42195	ꓓ	D
42196	ꓔ	D
42197	ꓕ	D
42198	ꓖ	D
42199	ꓗ	D
42200	ꓘ	D
42201	ꓙ	D
42202	ꓚ	D
42203	ꓛ	D
42204	ꓜ	D
42205	ꓝ	D
42206	ꓞ	D
42207	ꓟ	D
42208	ꓠ	D
42209	ꓡ	D
42210	ꓢ	D
42211	ꓣ	D
42212	ꓤ	D
42213	ꓥ	D
42214	ꓦ	D
42215	ꓧ	D
42216	ꓨ	D
42217	ꓩ	D
42218	ꓪ	D
42219	ꓫ	D
42220	ꓬ	D
42221	ꓭ	D
42222	ꓮ	D
42223	ꓯ	D
42224	ꓰ	D
42225	ꓱ	D
42226	ꓲ	D
42227	ꓳ	D
42228	ꓴ	D
42229	ꓵ	D
42230	ꓶ	D
42231	ꓷ	D
42232	ꓸ	D
42233	ꓹ	D
42234	ꓺ	D
42235	ꓻ	D
42236	ꓼ	D
42237	ꓽ	D
42238	꓾	D
42239	꓿	D
42564	Ꙅ	D
42565	ꙅ	D
42566	Ꙇ	D
42567	ꙇ	D
42572	Ꙍ	D
42573	ꙍ	D
42576	Ꙑ	D
42577	ꙑ	D
42580	Ꙕ	D
42581	ꙕ	D
42582	Ꙗ	D
42583	ꙗ	D
42594	Ꙣ	D
42595	ꙣ	D
42596	Ꙥ	D
42597	ꙥ	D
42598	Ꙧ	D
42599	ꙧ	D
42600	Ꙩ	D
42601	ꙩ	D
42602	Ꙫ	D
42603	ꙫ	D
42604	Ꙭ	D
42605	ꙭ	D
42606	ꙮ	D
42634	Ꚋ	D
42635	ꚋ	D
42636	Ꚍ	D
42637	ꚍ	D
42644	Ꚕ	D
42645	ꚕ	D
42648	Ꚙ	D
42649	ꚙ	D
42760	꜈	D
42761	꜉	D
42762	꜊	D
42763	꜋	D
42764	꜌	D
42765	꜍	D
42766	꜎	D
42767	꜏	D
42768	꜐	D
42769	꜑	D
42770	꜒	D
42771	꜓	D
42772	꜔	D
42773	꜕	D
42774	꜖	D
42779	ꜛ	D
42780	ꜜ	D
42781	ꜝ	D
42782	ꜞ	D
42783	ꜟ	D
42786	Ꜣ	D
42787	ꜣ	D
42788	Ꜥ	D
42789	ꜥ	D
42790	Ꜧ	D
42791	ꜧ	D
42792	Ꜩ	D
42793	ꜩ	D
42794	Ꜫ	D
42795	ꜫ	D
42800	ꜰ	D
42801	ꜱ	D
42802	Ꜳ	D
42803	ꜳ	D
42804	Ꜵ	D
42805	ꜵ	D
42806	Ꜷ	D
42807	ꜷ	D
42808	Ꜹ	D
42809	ꜹ	D
42810	Ꜻ	D
42811	ꜻ	D
42812	Ꜽ	D
42813	ꜽ	D
42814	Ꜿ	D
42815	ꜿ	D
42816	Ꝁ	D
42817	ꝁ	D
42822	Ꝇ	D
42823	ꝇ	D
42824	Ꝉ	D
42825	ꝉ	D
42826	Ꝋ	D
42827	ꝋ	D
42830	Ꝏ	D
42831	ꝏ	D
42832	Ꝑ	D
42833	ꝑ	D
42834	Ꝓ	D
42835	ꝓ	D
42838	Ꝗ	D
42839	ꝗ	D
42852	Ꝥ	D
42853	ꝥ	D
42854	Ꝧ	D
42855	ꝧ	D
42880	Ꞁ	D
42881	ꞁ	D
42882	Ꞃ	D
42883	ꞃ	D
42889	꞉	D
42890	꞊	D
42891	Ꞌ	D
42892	ꞌ	D
42893	Ɥ	D
42894	ꞎ	D
42896	Ꞑ	D
42897	ꞑ	D
42912	Ꞡ	D
42913	ꞡ	D
42914	Ꞣ	D
42915	ꞣ	D
42916	Ꞥ	D
42917	ꞥ	D
42918	Ꞧ	D
42919	ꞧ	D
42920	Ꞩ	D
42921	ꞩ	D
42922	Ɦ	D
43000	ꟸ	D
43001	ꟹ	D
43002	ꟺ	D
43003	ꟻ	D
43004	ꟼ	D
43005	ꟽ	D
43006	ꟾ	D
43007	ꟿ	D
8402	⃒	L
8403	⃓	L
8404	⃔	L
8405	⃕	L
8408	⃘	L
8413	⃝	L
8414	⃞	L
8415	⃟	L
8420	⃤	L
8421	⃥	L
8422	⃦	L
8424	⃨	L
8425	⃩	L
8426	⃪	L
8427	⃫	L
8428	⃬	L
8429	⃭	L
8430	⃮	L
8431	⃯	L
8432	⃰	L
8994	⌢	L
8995	⌣	L
9001	〈	L
9002	〉	L
9138	⎲	L
9139	⎳	L
9140	⎴	L
9141	⎵	L
9143	⎷	L
9168	⏐	L
9180	⏜	L
9181	⏝	L
9182	⏞	L
9183	⏟	L
9184	⏠	L
9185	⏡	L
10178	⟂	L
10200	⟘	L
10201	⟙	L
10202	⟚	L
10203	⟛	L
10204	⟜	L
10205	⟝	L
10206	⟞	L
10209	⟡	L
10210	⟢	L
10211	⟣	L
10222	⟮	L
10223	⟯	L
10755	⨃	L
10756	⨄	L
10757	⨅	L
10758	⨆	L
10761	⨉	L
10815	⨿	L
11057	⬱	L
11059	⬳	L
12310	〖	L
12311	〗	L
